Data de vencimento,Número,Nome,Valor,Saldo,Situação,Liquidação,Data,Tipo,Descrição,Descrição - Portador,Nome - Vendedor,Data de vencimento original
11/2024,,HYPER CONSULTORIA,"2.500,00","2.500,00",Em aberto,00/00/0000,05/01/2024,-,-,Itaú,-,29/11/2024
11/2024,qc3011,Mayza Helena Moura Ceschin,"1.500,00","1.500,00",Em aberto,00/00/0000,12/11/2024,Boleto Bancário,Propaganda e publicidade,Itaú,-,29/11/2024
11/2024,1585/10,HYPER CONSULTORIA,950,950,Em aberto,00/00/0000,21/02/2024,-,-,Itaú,-,29/11/2024
11/2024,188344,E-Clik Serviços Digitais Ltda,"366,28","366,28",Em aberto,00/00/0000,07/11/2024,-,Propaganda e publicidade,Itaú,-,25/11/2024
11/2024,2606/8,BNI BRASIL,"350,75","350,75",Em aberto,00/00/0000,30/03/2024,-,-,Sicredi,-,28/11/2024
11/2024,3175/8,Google Internet,"9.500,00","9.500,00",Em aberto,00/00/0000,16/04/2024,-,Propaganda e publicidade,Sicredi,-,28/11/2024
11/2024,3187/8,Allied (Samsung),"62,9","62,9",Em aberto,00/00/0000,16/04/2024,-,-,Sicredi,-,28/11/2024
11/2024,3196/8,Allied (Samsung),"649,9","649,9",Em aberto,00/00/0000,16/04/2024,-,-,Sicredi,-,28/11/2024
11/2024,3213/8,ACE Funcional e Pilates,"238,88","238,88",Em aberto,00/00/0000,16/04/2024,-,-,Sicredi,-,28/11/2024
11/2024,,Astronpay Astronmen,217,217,Em aberto,00/00/0000,15/05/2024,-,-,Sicredi,-,28/11/2024
11/2024,418472/7,2Eletro Com e Distr de Produtos,"263,94","263,94",Em aberto,00/00/0000,14/05/2024,-,-,Sicredi,-,28/11/2024
11/2024,152/6,Robmosan Comercio de Informática,"269,88","269,88",Em aberto,00/00/0000,17/05/2024,-,-,Sicredi,-,28/11/2024
11/2024,4760/5,Dohko Technology,649,649,Em aberto,00/00/0000,13/07/2024,-,-,Sicredi,-,29/11/2024
11/2024,5272/4,Diego de Holanda,"385,71","385,71",Em aberto,00/00/0000,20/08/2024,-,Limpeza e manutenção,Sicredi,-,28/11/2024
11/2024,1028/2,Muito Alem da Impressão Sempre Ltda - Grafica MAIS,730,730,Em aberto,00/00/0000,19/09/2024,-,Limpeza e manutenção,Sicredi,-,28/11/2024
11/2024,23/60,Simples Nacional,"1.213,46","1.213,46",Em aberto,00/00/0000,25/11/2024,-,Impostos sobre vendas,Itaú,-,29/11/2024
11/2024,033937/02,G & S HOME SOLUTIONS,"5.362,80","5.362,80",Em aberto,00/00/0000,26/09/2024,Boleto Bancário,Compras de fornecedores,Itaú,-,23/11/2024
11/2024,233932/05,SPARTAN DO BRASIL PRODUTOS QUIMICOS LTDA,"518,07","518,07",Em aberto,00/00/0000,04/10/2024,Boleto Bancário,Compras de fornecedores,Itaú,-,28/11/2024
11/2024,234622/04,SPARTAN DO BRASIL PRODUTOS QUIMICOS LTDA,"3.074,04","3.074,04",Em aberto,00/00/0000,11/10/2024,Boleto Bancário,Compras de fornecedores,Itaú,-,28/11/2024
11/2024,080600/03,NOVA RENKO INDUSTRIAL LTDA,"1.166,50","1.166,50",Em aberto,00/00/0000,14/10/2024,Boleto Bancário,Compras de fornecedores,Itaú,-,29/11/2024
11/2024,113270/01,I.P. CLEANING INDUSTRIA E COMERCIO LTDA,"2.525,34","2.525,34",Em aberto,00/00/0000,16/10/2024,Boleto Bancário,Compras de fornecedores,Itaú,-,30/11/2024
11/2024,6111/2,BR24 SERVICES,"634,11","634,11",Em aberto,00/00/0000,17/10/2024,-,BR24,Sicredi,-,28/11/2024
11/2024,6123/2,PANDA VIDEO,"65,3","65,3",Em aberto,00/00/0000,17/10/2024,-,PANDA VIDEO,Sicredi,-,28/11/2024
11/2024,004711/02,Continuum Chemical Latin America Ltda.,"1.049,42","1.049,42",Em aberto,00/00/0000,24/10/2024,Boleto Bancário,Compras de fornecedores,Itaú,-,28/11/2024
11/2024,65500/1,Castilho Guarulhos Com Equip Eletr Ltda,"294,33","294,33",Em aberto,00/00/0000,23/10/2024,-,Limpeza e manutenção,Itaú,-,28/11/2024
11/2024,408737/03,GUARANY INDUSTRIA E COMERCIO LTDA,"642,86","642,86",Em aberto,00/00/0000,28/10/2024,Boleto Bancário,Compras de fornecedores,Itaú,-,28/11/2024
11/2024,017897/01,NANO4YOU BRASIL NANOTECNOLOGIA SA,"1.086,30","1.086,30",Em aberto,00/00/0000,29/10/2024,Boleto Bancário,Compras de fornecedores,Itaú,-,28/11/2024
11/2024,331670/01,CHIAPERINI INDUSTRIAL LTDA,"1.097,38","1.097,38",Em aberto,00/00/0000,31/10/2024,Boleto Bancário,Compras de fornecedores,Itaú,-,28/11/2024
11/2024,20242000115035001/1,Prefeitura de Guarulhos,"322,93","322,93",Em aberto,00/00/0000,24/10/2024,-,Fiscalização,Itaú,-,29/11/2024
11/2024,017951/01,NANO4YOU BRASIL NANOTECNOLOGIA SA,"9.285,73","9.285,73",Em aberto,00/00/0000,07/11/2024,Boleto Bancário,Compras de fornecedores,Itaú,-,29/11/2024
11/2024,11392,Hanne Print Etiquetas Adesivas Ltda,280,280,Em aberto,00/00/0000,14/11/2024,-,Custo das mercadorias vendidas,Itaú,-,28/11/2024
11/2024,872815,TNT MERCURIO CARGAS E ENCOMENDAS EXPRESSAS S/A,"93,79","93,79",Em aberto,00/00/0000,16/11/2024,-,TNT Cargas e Encomendas,Itaú,-,30/11/2024
11/2024,,Uber,"633,89","633,89",Em aberto,00/00/0000,23/11/2024,-,Fretes,Itaú,-,28/11/2024
11/2024,,IPD Instituto de Profissionalização Digital S/A,"1.125,97","1.125,97",Em aberto,00/00/0000,17/10/2024,-,Treinamento,Itaú,-,28/11/2024
11/2024,6729/1,Embala Plastico,"547,5","547,5",Em aberto,00/00/0000,22/10/2024,-,Custo das mercadorias vendidas,Sicredi,-,28/11/2024
11/2024,,Shopee,500,500,Em aberto,00/00/0000,25/10/2024,-,Shopee Ads,Sicredi,-,28/11/2024
11/2024,,Leroy Merlin,"643,26","643,26",Em aberto,00/00/0000,22/09/2024,-,Limpeza e manutenção,Sicredi,-,28/11/2024
11/2024,,PADARIA,"176,48","176,48",Em aberto,00/00/0000,20/10/2024,-,Curso Presencial,Shopee,-,28/11/2024
11/2024,,COMBUSTIVEL,"656,75","656,75",Em aberto,00/00/0000,20/10/2024,-,Combustíveis e lubrificantes,Sicredi,-,28/11/2024
11/2024,527715,KALUNGA,"209,89","209,89",Em aberto,00/00/0000,04/11/2024,-,Material de escritório,Sicredi,-,28/11/2024
11/2024,,Pedagio,"52,6","52,6",Em aberto,00/00/0000,04/10/2024,-,Pedágios,Sicredi,-,28/11/2024
11/2024,539599,Elétrica Takei,"110,6","110,6",Em aberto,00/00/0000,18/10/2024,-,Limpeza e manutenção,Sicredi,-,28/11/2024
11/2024,23131,SASAKI EMBALAGENS,"214,75","214,75",Em aberto,00/00/0000,16/10/2024,-,Material de uso e consumo,Sicredi,-,28/11/2024
11/2024,18825,Patex Comerce,"116,9","116,9",Em aberto,00/00/0000,29/10/2024,-,Custo das mercadorias vendidas,Sicredi,-,28/11/2024
11/2024,298815,Franscar Auto Peças,"42,69","42,69",Em aberto,00/00/0000,18/10/2024,-,Material de uso e consumo,Sicredi,-,28/11/2024
,,,"52.636,88","52.636,88",,,,,,,,
12/2024,,HYPER CONSULTORIA,"2.500,00","2.500,00",Em aberto,00/00/0000,05/01/2024,-,-,Itaú,-,16/12/2024
12/2024,,HYPER CONSULTORIA,"2.500,00","2.500,00",Em aberto,00/00/0000,05/01/2024,-,-,Itaú,-,30/12/2024
12/2024,qc11501,Mayza Helena Moura Ceschin,"1.500,00","1.500,00",Em aberto,00/00/0000,12/01/2024,Boleto Bancário,Propaganda e publicidade,Itaú,-,16/12/2024
12/2024,qc11501,Mayza Helena Moura Ceschin,"1.500,00","1.500,00",Em aberto,00/00/0000,12/01/2024,Boleto Bancário,Propaganda e publicidade,Itaú,-,30/12/2024
12/2024,1005/12,Bitrix,259,259,Em aberto,00/00/0000,29/01/2024,Boleto Bancário,Software,Sicredi,-,30/12/2024
12/2024,08/2024,Telefonica Brasil S/A,"365,34","365,34",Em aberto,00/00/0000,31/01/2024,-,Telefone,Itaú,-,17/12/2024
12/2024,1234/11,BNI BRASIL,"334,59","334,59",Em aberto,00/00/0000,09/02/2024,-,-,Itaú,-,09/12/2024
12/2024,051816/11,SG3 Consultoria,50,50,Em aberto,00/00/0000,09/02/2024,-,-,Itaú,-,09/12/2024
12/2024,1457/11,Mercado Livre,"17.623,78","17.623,78",Em aberto,00/00/0000,19/02/2024,-,Financiamento/capital de giro,Caixa,-,17/12/2024
12/2024,76350370/11,SG3 Consultoria,"5.096,31","5.096,31",Em aberto,00/00/0000,20/02/2024,-,Serviços contábeis,Itaú,-,26/12/2024
12/2024,1585/11,HYPER CONSULTORIA,950,950,Em aberto,00/00/0000,21/02/2024,-,-,Itaú,-,30/12/2024
12/2024,391905/10,LM Transportes Interestaduais Serviços e Comercio S/A,"1.789,00","1.789,00",Em aberto,00/00/0000,23/02/2024,-,Locações de máquinas e equipamentos,Itaú,-,10/12/2024
12/2024,1961/10,Bonitur,"549,2","549,2",Em aberto,00/00/0000,02/03/2024,-,-,Itaú,-,16/12/2024
12/2024,previsão/10,E-Clik Serviços Digitais Ltda,"396,52","396,52",Em aberto,00/00/0000,04/03/2024,-,Propaganda e publicidade,Itaú,-,26/12/2024
12/2024,542162/10,Abralimp Assoc Brasileira do Mercado de Limp Profissional,386,386,Em aberto,00/00/0000,13/03/2024,-,-,Itaú,-,24/12/2024
12/2024,2290/10,HYPER CONSULTORIA,950,950,Em aberto,00/00/0000,15/03/2024,-,-,Itaú,-,16/12/2024
12/2024,2606/9,BNI BRASIL,"350,75","350,75",Em aberto,00/00/0000,30/03/2024,-,-,Sicredi,-,30/12/2024
12/2024,04/2024/9,Telefonica Brasil S/A,20,20,Em aberto,00/00/0000,10/04/2024,-,Telefone,Itaú,-,16/12/2024
12/2024,3164/8,IDERIS,"1.676,60","1.676,60",Em aberto,00/00/0000,16/04/2024,-,-,Itaú,-,16/12/2024
12/2024,3175/9,Google Internet,"8.000,00","8.000,00",Em aberto,00/00/0000,16/04/2024,-,Propaganda e publicidade,Sicredi,-,30/12/2024
12/2024,3187/9,Allied (Samsung),"62,9","62,9",Em aberto,00/00/0000,16/04/2024,-,-,Sicredi,-,30/12/2024
12/2024,3196/9,Allied (Samsung),"649,9","649,9",Em aberto,00/00/0000,16/04/2024,-,-,Sicredi,-,30/12/2024
12/2024,3213/9,ACE Funcional e Pilates,"238,88","238,88",Em aberto,00/00/0000,16/04/2024,-,-,Sicredi,-,30/12/2024
12/2024,3404/8,Frenet - Gateway de Fretes,157,157,Em aberto,00/00/0000,23/04/2024,-,Software,Itaú,-,05/12/2024
12/2024,3676/8,ZapSign,"69,9","69,9",Em aberto,00/00/0000,27/04/2024,-,Zap Sing,Itaú,-,16/12/2024
12/2024,29529/1,RFTecnologia Teleinformática Ltda Me,"311,1","311,1",Em aberto,00/00/0000,08/05/2024,-,Telefone,Itaú,-,20/12/2024
12/2024,,Astronpay Astronmen,217,217,Em aberto,00/00/0000,15/05/2024,-,-,Sicredi,-,30/12/2024
12/2024,418472/8,2Eletro Com e Distr de Produtos,"264,02","264,02",Em aberto,00/00/0000,14/05/2024,-,-,Sicredi,-,30/12/2024
12/2024,,PREVIDENCIA SOCIAL,"875,44","875,44",Em aberto,00/00/0000,20/05/2024,-,Encargos da folha,Itaú,-,20/12/2024
12/2024,3414536,CORREIOS,"14.249,41","14.249,41",Em aberto,00/00/0000,23/11/2024,-,Correios,Itaú,-,02/12/2024
12/2024,previsão,GNRE,"2.116,82","2.116,82",Em aberto,00/00/0000,29/05/2024,-,Impostos sobre vendas,Itaú,-,09/12/2024
12/2024,Previsão,GNRE,484,484,Em aberto,00/00/0000,29/05/2024,-,Impostos sobre vendas,Itaú,-,16/12/2024
12/2024,Previsão,GNRE,"1.660,00","1.660,00",Em aberto,00/00/0000,29/05/2024,-,Impostos sobre vendas,Itaú,-,16/12/2024
12/2024,Previsão,GNRE,"2.880,00","2.880,00",Em aberto,00/00/0000,29/05/2024,-,Impostos sobre vendas,Itaú,-,16/12/2024
12/2024,Previsão,GNRE,"1.440,00","1.440,00",Em aberto,00/00/0000,29/05/2024,-,Impostos sobre vendas,Itaú,-,16/12/2024
12/2024,Previsão,GNRE,540,540,Em aberto,00/00/0000,29/05/2024,-,Impostos sobre vendas,Itaú,-,16/12/2024
12/2024,Previsão,GNRE,200,200,Em aberto,00/00/0000,29/05/2024,-,Impostos sobre vendas,Itaú,-,16/12/2024
12/2024,10,Thaissa Lima Vicente,"3.000,00","3.000,00",Em aberto,00/00/0000,31/05/2024,-,-,Itaú,-,03/12/2024
12/2024,,Hostgator,"62,87","62,87",Em aberto,00/00/0000,06/06/2024,-,-,Itaú,-,16/12/2024
12/2024,,MICROSOFT,"129,93","129,93",Em aberto,00/00/0000,05/05/2024,-,-,Itaú,-,16/12/2024
12/2024,08/2024,COFINS,"10.244,60","10.244,60",Em aberto,00/00/0000,11/06/2024,-,COFINS,Itaú,-,24/12/2024
12/2024,08/2024,PIS,"2.224,59","2.224,59",Em aberto,00/00/0000,11/06/2024,-,PIS,Itaú,-,24/12/2024
12/2024,152/7,Robmosan Comercio de Informática,"269,93","269,93",Em aberto,00/00/0000,17/05/2024,-,-,Sicredi,-,30/12/2024
12/2024,previsão,GNRE,"1.056,89","1.056,89",Em aberto,00/00/0000,02/07/2024,-,Impostos sobre vendas,Itaú,-,16/12/2024
12/2024,108904/05,I.P. CLEANING INDUSTRIA E COMERCIO LTDA,"2.556,89","2.556,89",Em aberto,00/00/0000,05/07/2024,Boleto Bancário,Compras de fornecedores,Itaú,-,11/12/2024
12/2024,108971/05,I.P. CLEANING INDUSTRIA E COMERCIO LTDA,"1.107,70","1.107,70",Em aberto,00/00/0000,10/07/2024,Boleto Bancário,Compras de fornecedores,Itaú,-,12/12/2024
12/2024,4760/6,Dohko Technology,649,649,Em aberto,00/00/0000,13/07/2024,-,-,Sicredi,-,30/12/2024
12/2024,07/2024/5,Telefonica Brasil S/A,"79,99","79,99",Em aberto,00/00/0000,23/07/2024,-,Internet,Itaú,-,02/12/2024
12/2024,109790/04,I.P. CLEANING INDUSTRIA E COMERCIO LTDA,"3.752,00","3.752,00",Em aberto,00/00/0000,27/07/2024,Boleto Bancário,Compras de fornecedores,Itaú,-,07/12/2024
12/2024,109579/04,I.P. CLEANING INDUSTRIA E COMERCIO LTDA,"4.928,00","4.928,00",Em aberto,00/00/0000,30/07/2024,Boleto Bancário,Compras de fornecedores,Itaú,-,04/12/2024
12/2024,36737,Motoeste Transportadora e Serviços Ltda,700,700,Em aberto,00/00/0000,29/07/2024,Boleto Bancário,MOTOESTE,Itaú,-,04/12/2024
12/2024,36737,Motoeste Transportadora e Serviços Ltda,700,700,Em aberto,00/00/0000,29/07/2024,Boleto Bancário,MOTOESTE,Itaú,-,11/12/2024
12/2024,36737,Motoeste Transportadora e Serviços Ltda,700,700,Em aberto,00/00/0000,29/07/2024,Boleto Bancário,MOTOESTE,Itaú,-,18/12/2024
12/2024,36737,Motoeste Transportadora e Serviços Ltda,700,700,Em aberto,00/00/0000,29/07/2024,Boleto Bancário,MOTOESTE,Itaú,-,25/12/2024
12/2024,5010/5,exame,"49,75","49,75",Em aberto,00/00/0000,03/07/2024,-,-,Itaú,-,16/12/2024
12/2024,110272/04,I.P. CLEANING INDUSTRIA E COMERCIO LTDA,"2.769,25","2.769,25",Em aberto,00/00/0000,09/08/2024,Boleto Bancário,Compras de fornecedores,Itaú,-,15/12/2024
12/2024,1/36/5,Itau,"4.393,57","4.393,57",Em aberto,00/00/0000,14/08/2024,-,Financiamento/capital de giro,Itaú,-,26/12/2024
12/2024,033055/03,G & S HOME SOLUTIONS,"8.067,34","8.067,34",Em aberto,00/00/0000,28/08/2024,Boleto Bancário,Compras de fornecedores,Itaú,-,01/12/2024
12/2024,033258/03,G & S HOME SOLUTIONS,"5.158,00","5.158,00",Em aberto,00/00/0000,04/09/2024,Boleto Bancário,Compras de fornecedores,Itaú,-,01/12/2024
12/2024,033510/03,G & S HOME SOLUTIONS,"5.396,00","5.396,00",Em aberto,00/00/0000,13/09/2024,Boleto Bancário,Compras de fornecedores,Itaú,-,10/12/2024
12/2024,016462/03,NANO4YOU BRASIL NANOTECNOLOGIA SA,"5.518,22","5.518,22",Em aberto,00/00/0000,13/09/2024,Boleto Bancário,Compras de fornecedores,Itaú,-,09/12/2024
12/2024,112148/02,I.P. CLEANING INDUSTRIA E COMERCIO LTDA,"1.314,00","1.314,00",Em aberto,00/00/0000,17/09/2024,Boleto Bancário,Compras de fornecedores,Itaú,-,02/12/2024
12/2024,5642/2,Aliança Imóveis,"8.000,00","8.000,00",Em aberto,00/00/0000,17/09/2024,Boleto Bancário,Aluguel,Itaú,-,16/12/2024
12/2024,037373/05,EasyTech Shield Brasil LTDA,"5.386,54","5.386,54",Em aberto,00/00/0000,18/09/2024,Boleto Bancário,Compras de fornecedores,Itaú,-,09/12/2024
12/2024,1028/3,Muito Alem da Impressão Sempre Ltda - Grafica MAIS,730,730,Em aberto,00/00/0000,19/09/2024,-,Limpeza e manutenção,Sicredi,-,30/12/2024
12/2024,PREVISÃO/4,Simples Nacional,"1.195,69","1.195,69",Em aberto,00/00/0000,19/09/2024,-,Impostos sobre vendas,Itaú,-,30/12/2024
12/2024,326556/03,CHIAPERINI INDUSTRIAL LTDA,"1.056,00","1.056,00",Em aberto,00/00/0000,24/09/2024,Boleto Bancário,Compras de fornecedores,Itaú,-,15/12/2024
12/2024,033937/03,G & S HOME SOLUTIONS,"5.362,80","5.362,80",Em aberto,00/00/0000,26/09/2024,Boleto Bancário,Compras de fornecedores,Itaú,-,23/12/2024
12/2024,883992,Boa Vista Serviços S/A,"101,07","101,07",Em aberto,00/00/0000,21/11/2024,-,Boa Vista Analise de Credito,Itaú,-,09/12/2024
12/2024,016969/04,NANO4YOU BRASIL NANOTECNOLOGIA SA,"6.422,78","6.422,78",Em aberto,00/00/0000,27/09/2024,Boleto Bancário,Compras de fornecedores,Itaú,-,25/12/2024
12/2024,112658/02,I.P. CLEANING INDUSTRIA E COMERCIO LTDA,"1.000,43","1.000,43",Em aberto,00/00/0000,01/10/2024,Boleto Bancário,Compras de fornecedores,Itaú,-,16/12/2024
12/2024,112666/02,I.P. CLEANING INDUSTRIA E COMERCIO LTDA,"2.026,08","2.026,08",Em aberto,00/00/0000,01/10/2024,Boleto Bancário,Compras de fornecedores,Itaú,-,16/12/2024
12/2024,112752/02,I.P. CLEANING INDUSTRIA E COMERCIO LTDA,"3.725,58","3.725,58",Em aberto,00/00/0000,01/10/2024,Boleto Bancário,Compras de fornecedores,Itaú,-,16/12/2024
12/2024,11823/3,Gotarget Softwares Ltda,200,200,Em aberto,00/00/0000,02/10/2024,Boleto Bancário,Gotarget,Itaú,-,05/12/2024
12/2024,146131/2,Seguros Sura S/A,"63,64","63,64",Em aberto,00/00/0000,04/10/2024,Boleto Bancário,-,Itaú,-,03/12/2024
12/2024,034192/02,G & S HOME SOLUTIONS,"8.767,33","8.767,33",Em aberto,00/00/0000,09/10/2024,Boleto Bancário,Compras de fornecedores,Itaú,-,03/12/2024
12/2024,101859/03,EVC INDUSTRIAL LTDA,"930,04","930,04",Em aberto,00/00/0000,09/10/2024,Boleto Bancário,Compras de fornecedores,Itaú,-,03/12/2024
12/2024,1338/3,Escritorio e Assessorica Solução Contabil,"366,67","366,67",Em aberto,00/00/0000,02/10/2024,Boleto Bancário,Serviços contábeis,Itaú,-,15/12/2024
12/2024,5971/3,Porto Seguro Cia,"208,91","208,91",Em aberto,00/00/0000,16/09/2024,-,Segurança,Itaú,-,16/12/2024
12/2024,234622/05,SPARTAN DO BRASIL PRODUTOS QUIMICOS LTDA,"3.074,04","3.074,04",Em aberto,00/00/0000,11/10/2024,Boleto Bancário,Compras de fornecedores,Itaú,-,05/12/2024
12/2024,037732/03,EasyTech Shield Brasil LTDA,"5.350,93","5.350,93",Em aberto,00/00/0000,11/10/2024,Boleto Bancário,Compras de fornecedores,Itaú,-,05/12/2024
12/2024,037732/04,EasyTech Shield Brasil LTDA,"5.350,93","5.350,93",Em aberto,00/00/0000,11/10/2024,Boleto Bancário,Compras de fornecedores,Itaú,-,19/12/2024
12/2024,11/2024,Sabesp,"304,51","304,51",Em aberto,00/00/0000,12/11/2024,Boleto Bancário,Água,Itaú,-,25/11/2024
12/2024,11/2024,Sabesp,"214,18","214,18",Em aberto,00/00/0000,12/11/2024,Boleto Bancário,Água,Itaú,-,25/12/2024
12/2024,11/2024,EDP,"515,25","515,25",Em aberto,00/00/0000,14/10/2024,Boleto Bancário,Energia elétrica,Itaú,-,18/12/2024
12/2024,017399/02,NANO4YOU BRASIL NANOTECNOLOGIA SA,"2.172,60","2.172,60",Em aberto,00/00/0000,15/10/2024,Boleto Bancário,Compras de fornecedores,Itaú,-,09/12/2024
12/2024,017416/02,NANO4YOU BRASIL NANOTECNOLOGIA SA,"4.742,09","4.742,09",Em aberto,00/00/0000,15/10/2024,Boleto Bancário,Compras de fornecedores,Itaú,-,10/12/2024
12/2024,6073/3,Bling Organisys Software,425,425,Em aberto,00/00/0000,16/10/2024,Boleto Bancário,BLING,Itaú,-,16/12/2024
12/2024,113270/02,I.P. CLEANING INDUSTRIA E COMERCIO LTDA,"2.525,34","2.525,34",Em aberto,00/00/0000,16/10/2024,Boleto Bancário,Compras de fornecedores,Itaú,-,30/12/2024
12/2024,034482/02,G & S HOME SOLUTIONS,"4.434,00","4.434,00",Em aberto,00/00/0000,17/10/2024,Boleto Bancário,Compras de fornecedores,Itaú,-,14/12/2024
12/2024,6111/3,BR24 SERVICES,"585,83","585,83",Em aberto,00/00/0000,17/10/2024,-,BR24,Sicredi,-,30/12/2024
12/2024,6123/3,PANDA VIDEO,"60,5","60,5",Em aberto,00/00/0000,17/10/2024,-,PANDA VIDEO,Sicredi,-,30/12/2024
12/2024,017651/02,NANO4YOU BRASIL NANOTECNOLOGIA SA,"2.371,05","2.371,05",Em aberto,00/00/0000,23/10/2024,Boleto Bancário,Compras de fornecedores,Itaú,-,20/12/2024
12/2024,235765/03,SPARTAN DO BRASIL PRODUTOS QUIMICOS LTDA,"512,23","512,23",Em aberto,00/00/0000,23/10/2024,Boleto Bancário,Compras de fornecedores,Itaú,-,03/12/2024
12/2024,235765/04,SPARTAN DO BRASIL PRODUTOS QUIMICOS LTDA,"512,23","512,23",Em aberto,00/00/0000,23/10/2024,Boleto Bancário,Compras de fornecedores,Itaú,-,10/12/2024
12/2024,235765/05,SPARTAN DO BRASIL PRODUTOS QUIMICOS LTDA,"512,23","512,23",Em aberto,00/00/0000,23/10/2024,Boleto Bancário,Compras de fornecedores,Itaú,-,17/12/2024
12/2024,235838/03,SPARTAN DO BRASIL PRODUTOS QUIMICOS LTDA,"2.189,10","2.189,10",Em aberto,00/00/0000,23/10/2024,Boleto Bancário,Compras de fornecedores,Itaú,-,04/12/2024
12/2024,235838/04,SPARTAN DO BRASIL PRODUTOS QUIMICOS LTDA,"2.189,10","2.189,10",Em aberto,00/00/0000,23/10/2024,Boleto Bancário,Compras de fornecedores,Itaú,-,11/12/2024
12/2024,235838/05,SPARTAN DO BRASIL PRODUTOS QUIMICOS LTDA,"2.189,10","2.189,10",Em aberto,00/00/0000,23/10/2024,Boleto Bancário,Compras de fornecedores,Itaú,-,18/12/2024
12/2024,113564/01,I.P. CLEANING INDUSTRIA E COMERCIO LTDA,"7.664,04","7.664,04",Em aberto,00/00/0000,23/10/2024,Boleto Bancário,Compras de fornecedores,Itaú,-,11/12/2024
12/2024,419235/02,FRESNOMAQ INDUSTRIA DE MAQUINAS SA,"2.301,75","2.301,75",Em aberto,00/00/0000,24/10/2024,Boleto Bancário,Compras de fornecedores,Itaú,-,16/12/2024
12/2024,65500/2,Castilho Guarulhos Com Equip Eletr Ltda,"294,32","294,32",Em aberto,00/00/0000,23/10/2024,-,Limpeza e manutenção,Itaú,-,30/12/2024
12/2024,017744/02,NANO4YOU BRASIL NANOTECNOLOGIA SA,"9.285,74","9.285,74",Em aberto,00/00/0000,25/10/2024,Boleto Bancário,Compras de fornecedores,Itaú,-,22/12/2024
12/2024,017740/02,NANO4YOU BRASIL NANOTECNOLOGIA SA,"287,89","287,89",Em aberto,00/00/0000,25/10/2024,Boleto Bancário,Compras de fornecedores,Itaú,-,22/12/2024
12/2024,002537/02,SUNGUIDER COMERCIO IMPORTACAO E EXPORTACAO LTDA,"534,67","534,67",Em aberto,00/00/0000,25/10/2024,Boleto Bancário,Compras de fornecedores,Itaú,-,21/12/2024
12/2024,35751341/3,Fundação de Apoio à Universidade de São Paulo - USP,"564,55","564,55",Em aberto,00/00/0000,25/10/2024,-,Treinamento e Aperfeiçoamento,Itaú,-,31/12/2024
12/2024,13/66/3,PRONAMPE,"3.934,12","3.934,12",Em aberto,00/00/0000,27/10/2024,-,Financiamento/capital de giro,Sicredi,-,27/12/2024
12/2024,034717/02,G & S HOME SOLUTIONS,"7.737,33","7.737,33",Em aberto,00/00/0000,28/10/2024,Boleto Bancário,Compras de fornecedores,Itaú,-,22/12/2024
12/2024,017897/02,NANO4YOU BRASIL NANOTECNOLOGIA SA,"1.086,30","1.086,30",Em aberto,00/00/0000,29/10/2024,Boleto Bancário,Compras de fornecedores,Itaú,-,28/12/2024
12/2024,037977/02,EasyTech Shield Brasil LTDA,"5.942,39","5.942,39",Em aberto,00/00/0000,30/10/2024,Boleto Bancário,Compras de fornecedores,Itaú,-,09/12/2024
12/2024,037977/03,EasyTech Shield Brasil LTDA,"5.942,39","5.942,39",Em aberto,00/00/0000,30/10/2024,Boleto Bancário,Compras de fornecedores,Itaú,-,23/12/2024
12/2024,393884/01,BRALIMPIA IND COM DE EQ P LIMP LTDA,"844,33","844,33",Em aberto,00/00/0000,30/10/2024,Boleto Bancário,Compras de fornecedores,Itaú,-,03/12/2024
12/2024,393884/02,BRALIMPIA IND COM DE EQ P LIMP LTDA,"844,33","844,33",Em aberto,00/00/0000,30/10/2024,Boleto Bancário,Compras de fornecedores,Itaú,-,17/12/2024
12/2024,331670/02,CHIAPERINI INDUSTRIAL LTDA,"1.177,00","1.177,00",Em aberto,00/00/0000,31/10/2024,Boleto Bancário,Compras de fornecedores,Itaú,-,26/12/2024
12/2024,081725/01,NOVA RENKO INDUSTRIAL LTDA,"1.705,40","1.705,40",Em aberto,00/00/0000,31/10/2024,Boleto Bancário,Compras de fornecedores,Itaú,-,03/12/2024
12/2024,081725/02,NOVA RENKO INDUSTRIAL LTDA,"1.526,01","1.526,01",Em aberto,00/00/0000,31/10/2024,Boleto Bancário,Compras de fornecedores,Itaú,-,17/12/2024
12/2024,103611/02,EVC INDUSTRIAL LTDA,"1.083,98","1.083,98",Em aberto,00/00/0000,31/10/2024,Boleto Bancário,Compras de fornecedores,Itaú,-,03/12/2024
12/2024,103611/03,EVC INDUSTRIAL LTDA,"1.083,98","1.083,98",Em aberto,00/00/0000,31/10/2024,Boleto Bancário,Compras de fornecedores,Itaú,-,17/12/2024
12/2024,236600/02,SPARTAN DO BRASIL PRODUTOS QUIMICOS LTDA,"1.927,23","1.927,23",Em aberto,00/00/0000,01/11/2024,Boleto Bancário,Compras de fornecedores,Itaú,-,04/12/2024
12/2024,236600/03,SPARTAN DO BRASIL PRODUTOS QUIMICOS LTDA,"1.927,23","1.927,23",Em aberto,00/00/0000,01/11/2024,Boleto Bancário,Compras de fornecedores,Itaú,-,11/12/2024
12/2024,236600/04,SPARTAN DO BRASIL PRODUTOS QUIMICOS LTDA,"1.927,23","1.927,23",Em aberto,00/00/0000,01/11/2024,Boleto Bancário,Compras de fornecedores,Itaú,-,18/12/2024
12/2024,236600/05,SPARTAN DO BRASIL PRODUTOS QUIMICOS LTDA,"1.927,23","1.927,23",Em aberto,00/00/0000,01/11/2024,Boleto Bancário,Compras de fornecedores,Itaú,-,25/12/2024
12/2024,236794/02,SPARTAN DO BRASIL PRODUTOS QUIMICOS LTDA,"920,79","920,79",Em aberto,00/00/0000,01/11/2024,Boleto Bancário,Compras de fornecedores,Itaú,-,05/12/2024
12/2024,104142/02,EVC INDUSTRIAL LTDA,"1.206,40","1.206,40",Em aberto,00/00/0000,05/11/2024,Boleto Bancário,Compras de fornecedores,Itaú,-,09/12/2024
12/2024,104142/03,EVC INDUSTRIAL LTDA,"1.206,41","1.206,41",Em aberto,00/00/0000,05/11/2024,Boleto Bancário,Compras de fornecedores,Itaú,-,24/12/2024
12/2024,034923/01,G & S HOME SOLUTIONS,"4.576,60","4.576,60",Em aberto,00/00/0000,06/11/2024,Boleto Bancário,Compras de fornecedores,Itaú,-,29/11/2024
12/2024,6448/2,contabilidade,"4.421,67","4.421,67",Em aberto,00/00/0000,06/11/2024,-,-,Itaú,-,26/12/2024
12/2024,20242000115035001/2,Prefeitura de Guarulhos,"322,93","322,93",Em aberto,00/00/0000,24/10/2024,-,Fiscalização,Itaú,-,30/12/2024
12/2024,6466/2,Google Internet,"8.000,00","8.000,00",Em aberto,00/00/0000,06/11/2024,-,Google,Itaú,-,16/12/2024
12/2024,6478/2,MICROSOFT,45,45,Em aberto,00/00/0000,06/11/2024,-,Microsoft,Itaú,-,16/12/2024
12/2024,6490/2,Mercado Livre,"6.097,38","6.097,38",Em aberto,00/00/0000,06/11/2024,-,Mercado Livre Ads,Itaú,-,16/12/2024
12/2024,017951/02,NANO4YOU BRASIL NANOTECNOLOGIA SA,"9.285,74","9.285,74",Em aberto,00/00/0000,07/11/2024,Boleto Bancário,Compras de fornecedores,Itaú,-,29/12/2024
12/2024,008417/02,COLOR BRILHO SOLUCOES QUIMICAS LTDA,"1.765,67","1.765,67",Em aberto,00/00/0000,07/11/2024,Boleto Bancário,Compras de fornecedores,Itaú,-,03/12/2024
12/2024,008417/03,COLOR BRILHO SOLUCOES QUIMICAS LTDA,"1.765,66","1.765,66",Em aberto,00/00/0000,07/11/2024,Boleto Bancário,Compras de fornecedores,Itaú,-,10/12/2024
12/2024,004718/01,Continuum Chemical Latin America Ltda.,"1.194,19","1.194,19",Em aberto,00/00/0000,08/11/2024,Boleto Bancário,Compras de fornecedores,Itaú,-,06/12/2024
12/2024,004718/02,Continuum Chemical Latin America Ltda.,"1.194,20","1.194,20",Em aberto,00/00/0000,08/11/2024,Boleto Bancário,Compras de fornecedores,Itaú,-,13/12/2024
12/2024,237584/01,SPARTAN DO BRASIL PRODUTOS QUIMICOS LTDA,"1.035,40","1.035,40",Em aberto,00/00/0000,12/11/2024,Boleto Bancário,Compras de fornecedores,Itaú,-,03/12/2024
12/2024,237584/02,SPARTAN DO BRASIL PRODUTOS QUIMICOS LTDA,"1.035,39","1.035,39",Em aberto,00/00/0000,12/11/2024,Boleto Bancário,Compras de fornecedores,Itaú,-,17/12/2024
12/2024,237595/01,SPARTAN DO BRASIL PRODUTOS QUIMICOS LTDA,"1.916,82","1.916,82",Em aberto,00/00/0000,12/11/2024,Boleto Bancário,Compras de fornecedores,Itaú,-,10/12/2024
12/2024,237595/02,SPARTAN DO BRASIL PRODUTOS QUIMICOS LTDA,"1.916,82","1.916,82",Em aberto,00/00/0000,12/11/2024,Boleto Bancário,Compras de fornecedores,Itaú,-,17/12/2024
12/2024,237595/03,SPARTAN DO BRASIL PRODUTOS QUIMICOS LTDA,"1.916,82","1.916,82",Em aberto,00/00/0000,12/11/2024,Boleto Bancário,Compras de fornecedores,Itaú,-,24/12/2024
12/2024,237595/04,SPARTAN DO BRASIL PRODUTOS QUIMICOS LTDA,"1.916,82","1.916,82",Em aberto,00/00/0000,12/11/2024,Boleto Bancário,Compras de fornecedores,Itaú,-,31/12/2024
12/2024,236277/01,SPARTAN DO BRASIL PRODUTOS QUIMICOS LTDA,"293,83","293,83",Em aberto,00/00/0000,12/11/2024,Boleto Bancário,Compras de fornecedores,Itaú,-,25/11/2024
12/2024,236277/02,SPARTAN DO BRASIL PRODUTOS QUIMICOS LTDA,"293,82","293,82",Em aberto,00/00/0000,12/11/2024,Boleto Bancário,Compras de fornecedores,Itaú,-,02/12/2024
12/2024,236277/03,SPARTAN DO BRASIL PRODUTOS QUIMICOS LTDA,"293,82","293,82",Em aberto,00/00/0000,12/11/2024,Boleto Bancário,Compras de fornecedores,Itaú,-,09/12/2024
12/2024,236277/04,SPARTAN DO BRASIL PRODUTOS QUIMICOS LTDA,"293,82","293,82",Em aberto,00/00/0000,12/11/2024,Boleto Bancário,Compras de fornecedores,Itaú,-,16/12/2024
12/2024,22/2,Rodrigo Barbosa Henriques,610,610,Em aberto,00/00/0000,12/11/2024,-,Limpeza e manutenção,Itaú,-,19/12/2024
12/2024,6438/1,Pleiades Entretenimento Ltda,250,250,Em aberto,00/00/0000,12/11/2024,-,-,Itaú,-,15/12/2024
12/2024,030970/01,ESCOVAS SANTA CLARA IND. E COM. LTDA,675,675,Em aberto,00/00/0000,14/11/2024,Boleto Bancário,Compras de fornecedores,Itaú,-,09/12/2024
12/2024,030970/02,ESCOVAS SANTA CLARA IND. E COM. LTDA,675,675,Em aberto,00/00/0000,14/11/2024,Boleto Bancário,Compras de fornecedores,Itaú,-,23/12/2024
12/2024,020116/01,M.N. INDUSTRIA DE PELES LTDA,"1.040,16","1.040,16",Em aberto,00/00/0000,18/11/2024,Boleto Bancário,Compras de fornecedores,Itaú,-,11/12/2024
12/2024,020116/02,M.N. INDUSTRIA DE PELES LTDA,"1.040,16","1.040,16",Em aberto,00/00/0000,18/11/2024,Boleto Bancário,Compras de fornecedores,Itaú,-,26/12/2024
12/2024,038244/01,EasyTech Shield Brasil LTDA,"5.481,01","5.481,01",Em aberto,00/00/0000,19/11/2024,Boleto Bancário,Compras de fornecedores,Itaú,-,12/12/2024
12/2024,038244/02,EasyTech Shield Brasil LTDA,"5.481,02","5.481,02",Em aberto,00/00/0000,19/11/2024,Boleto Bancário,Compras de fornecedores,Itaú,-,26/12/2024
12/2024,99,TRANSPORTADORA ECONOMICA EIRELI,"241,12","241,12",Em aberto,00/00/0000,14/11/2024,-,Fretes,Itaú,-,12/12/2024
12/2024,410018/01,GUARANY INDUSTRIA E COMERCIO LTDA,"935,23","935,23",Em aberto,00/00/0000,19/11/2024,Boleto Bancário,Compras de fornecedores,Itaú,-,29/11/2024
12/2024,410018/02,GUARANY INDUSTRIA E COMERCIO LTDA,"935,23","935,23",Em aberto,00/00/0000,19/11/2024,Boleto Bancário,Compras de fornecedores,Itaú,-,06/12/2024
12/2024,410018/03,GUARANY INDUSTRIA E COMERCIO LTDA,"935,51","935,51",Em aberto,00/00/0000,19/11/2024,Boleto Bancário,Compras de fornecedores,Itaú,-,13/12/2024
12/2024,6692/2,FOCUS DESENVOLVIMENTO GERENCIAL LTDA,"2.667,00","2.667,00",Em aberto,00/00/0000,22/11/2024,-,-,Itaú,-,27/12/2024
12/2024,1183,Lais Yuri Ansai,400,400,Em aberto,00/00/0000,18/11/2024,-,Psicóloga,Itaú,-,05/12/2024
12/2024,035440/01,G & S HOME SOLUTIONS,"1.510,66","1.510,66",Em aberto,00/00/0000,23/11/2024,Boleto Bancário,Compras de fornecedores,Itaú,-,13/12/2024
12/2024,035691/01,G & S HOME SOLUTIONS,"1.414,00","1.414,00",Em aberto,00/00/0000,23/11/2024,Boleto Bancário,Compras de fornecedores,Itaú,-,21/12/2024
12/2024,211-9,TRANSPORTADORA ECONOMICA EIRELI,"162,26","162,26",Em aberto,00/00/0000,22/11/2024,-,Fretes,Itaú,-,20/12/2024
12/2024,873871,TNT MERCURIO CARGAS E ENCOMENDAS EXPRESSAS S/A,"367,15","367,15",Em aberto,00/00/0000,23/11/2024,-,TNT Cargas e Encomendas,Itaú,-,07/12/2024
12/2024,238445/01,SPARTAN DO BRASIL PRODUTOS QUIMICOS LTDA,"1.754,87","1.754,87",Em aberto,00/00/0000,23/11/2024,Boleto Bancário,Compras de fornecedores,Itaú,-,19/12/2024
12/2024,238445/02,SPARTAN DO BRASIL PRODUTOS QUIMICOS LTDA,"1.754,87","1.754,87",Em aberto,00/00/0000,23/11/2024,Boleto Bancário,Compras de fornecedores,Itaú,-,26/12/2024
12/2024,6729/2,Embala Plastico,"547,5","547,5",Em aberto,00/00/0000,22/10/2024,-,Custo das mercadorias vendidas,Sicredi,-,30/12/2024
12/2024,106291/01,EVC INDUSTRIAL LTDA,"589,73","589,73",Em aberto,00/00/0000,25/11/2024,Boleto Bancário,Compras de fornecedores,Itaú,-,09/12/2024
12/2024,106291/02,EVC INDUSTRIAL LTDA,"589,73","589,73",Em aberto,00/00/0000,25/11/2024,Boleto Bancário,Compras de fornecedores,Itaú,-,26/12/2024
12/2024,004729/01,Continuum Chemical Latin America Ltda.,"1.194,19","1.194,19",Em aberto,00/00/0000,26/11/2024,Boleto Bancário,Compras de fornecedores,Itaú,-,24/12/2024
12/2024,004729/02,Continuum Chemical Latin America Ltda.,"1.194,20","1.194,20",Em aberto,00/00/0000,26/11/2024,Boleto Bancário,Compras de fornecedores,Itaú,-,31/12/2024
,,,"371.426,82","371.426,82",,,,,,,,
01/2025,,HYPER CONSULTORIA,0,0,Em aberto,00/00/0000,19/01/2024,-,-,Itaú,-,15/01/2025
01/2025,,HYPER CONSULTORIA,"2.500,00","2.500,00",Em aberto,00/00/0000,19/01/2024,-,-,Itaú,-,30/01/2025
01/2025,qc11501,Mayza Helena Moura Ceschin,"1.500,00","1.500,00",Em aberto,00/00/0000,19/01/2024,Boleto Bancário,Propaganda e publicidade,Itaú,-,15/01/2025
01/2025,qc11501,Mayza Helena Moura Ceschin,"1.500,00","1.500,00",Em aberto,00/00/0000,19/01/2024,Boleto Bancário,Propaganda e publicidade,Itaú,-,29/01/2025
01/2025,08/2024,Telefonica Brasil S/A,"365,34","365,34",Em aberto,00/00/0000,31/01/2024,-,Telefone,Itaú,-,17/01/2025
01/2025,1234/12,BNI BRASIL,"334,59","334,59",Em aberto,00/00/0000,09/02/2024,-,-,Itaú,-,09/01/2025
01/2025,051816/12,SG3 Consultoria,50,50,Em aberto,00/00/0000,09/02/2024,-,-,Itaú,-,09/01/2025
01/2025,1457/12,Mercado Livre,"17.623,78","17.623,78",Em aberto,00/00/0000,19/02/2024,-,Financiamento/capital de giro,Caixa,-,17/01/2025
01/2025,76350370/12,SG3 Consultoria,"5.096,31","5.096,31",Em aberto,00/00/0000,20/02/2024,-,Serviços contábeis,Itaú,-,27/01/2025
01/2025,1585/12,HYPER CONSULTORIA,950,950,Em aberto,00/00/0000,21/02/2024,-,-,Itaú,-,29/01/2025
01/2025,391905/11,LM Transportes Interestaduais Serviços e Comercio S/A,"1.789,00","1.789,00",Em aberto,00/00/0000,23/02/2024,-,Locações de máquinas e equipamentos,Itaú,-,10/01/2025
01/2025,previsão/11,E-Clik Serviços Digitais Ltda,"396,52","396,52",Em aberto,00/00/0000,04/03/2024,-,Propaganda e publicidade,Itaú,-,27/01/2025
01/2025,542162/11,Abralimp Assoc Brasileira do Mercado de Limp Profissional,386,386,Em aberto,00/00/0000,13/03/2024,-,-,Itaú,-,24/01/2025
01/2025,2290/11,HYPER CONSULTORIA,950,950,Em aberto,00/00/0000,15/03/2024,-,-,Itaú,-,15/01/2025
01/2025,2606/10,BNI BRASIL,"350,75","350,75",Em aberto,00/00/0000,30/03/2024,-,-,Sicredi,-,28/01/2025
01/2025,04/2024/10,Telefonica Brasil S/A,20,20,Em aberto,00/00/0000,10/04/2024,-,Telefone,Itaú,-,15/01/2025
01/2025,3164/9,IDERIS,"1.676,60","1.676,60",Em aberto,00/00/0000,16/04/2024,-,-,Itaú,-,15/01/2025
01/2025,3175/10,Google Internet,"8.000,00","8.000,00",Em aberto,00/00/0000,16/04/2024,-,Propaganda e publicidade,Sicredi,-,28/01/2025
01/2025,3213/10,ACE Funcional e Pilates,"238,88","238,88",Em aberto,00/00/0000,16/04/2024,-,-,Sicredi,-,28/01/2025
01/2025,3404/9,Frenet - Gateway de Fretes,157,157,Em aberto,00/00/0000,23/04/2024,-,Software,Itaú,-,06/01/2025
01/2025,3676/9,ZapSign,"69,9","69,9",Em aberto,00/00/0000,27/04/2024,-,Zap Sing,Itaú,-,15/01/2025
01/2025,418472/9,2Eletro Com e Distr de Produtos,"264,02","264,02",Em aberto,00/00/0000,14/05/2024,-,-,Sicredi,-,28/01/2025
01/2025,152/8,Robmosan Comercio de Informática,"269,93","269,93",Em aberto,00/00/0000,17/05/2024,-,-,Sicredi,-,28/01/2025
01/2025,108904/06,I.P. CLEANING INDUSTRIA E COMERCIO LTDA,"2.556,89","2.556,89",Em aberto,00/00/0000,05/07/2024,Boleto Bancário,Compras de fornecedores,Itaú,-,10/01/2025
01/2025,108971/06,I.P. CLEANING INDUSTRIA E COMERCIO LTDA,"1.107,70","1.107,70",Em aberto,00/00/0000,10/07/2024,Boleto Bancário,Compras de fornecedores,Itaú,-,11/01/2025
01/2025,4760/7,Dohko Technology,649,649,Em aberto,00/00/0000,13/07/2024,-,-,Sicredi,-,29/01/2025
01/2025,07/2024/6,Telefonica Brasil S/A,"79,99","79,99",Em aberto,00/00/0000,23/07/2024,-,Internet,Itaú,-,02/01/2025
01/2025,5010/6,exame,"49,75","49,75",Em aberto,00/00/0000,03/07/2024,-,-,Itaú,-,15/01/2025
01/2025,110272/05,I.P. CLEANING INDUSTRIA E COMERCIO LTDA,"2.769,25","2.769,25",Em aberto,00/00/0000,09/08/2024,Boleto Bancário,Compras de fornecedores,Itaú,-,14/01/2025
01/2025,1/36/6,Itau,"4.393,57","4.393,57",Em aberto,00/00/0000,14/08/2024,-,Financiamento/capital de giro,Itaú,-,27/01/2025
01/2025,112148/03,I.P. CLEANING INDUSTRIA E COMERCIO LTDA,"1.314,40","1.314,40",Em aberto,00/00/0000,17/09/2024,Boleto Bancário,Compras de fornecedores,Itaú,-,01/01/2025
01/2025,5642/3,Aliança Imóveis,"8.000,00","8.000,00",Em aberto,00/00/0000,17/09/2024,Boleto Bancário,Aluguel,Itaú,-,16/01/2025
01/2025,PREVISÃO/5,Simples Nacional,"1.195,69","1.195,69",Em aberto,00/00/0000,19/09/2024,-,Impostos sobre vendas,Itaú,-,30/01/2025
01/2025,28572031/4,Boa Vista Serviços S/A,"101,07","101,07",Em aberto,00/00/0000,26/09/2024,-,Boa Vista Analise de Credito,Itaú,-,08/01/2025
01/2025,112658/03,I.P. CLEANING INDUSTRIA E COMERCIO LTDA,"1.000,74","1.000,74",Em aberto,00/00/0000,01/10/2024,Boleto Bancário,Compras de fornecedores,Itaú,-,15/01/2025
01/2025,112666/03,I.P. CLEANING INDUSTRIA E COMERCIO LTDA,"2.026,08","2.026,08",Em aberto,00/00/0000,01/10/2024,Boleto Bancário,Compras de fornecedores,Itaú,-,15/01/2025
01/2025,112752/03,I.P. CLEANING INDUSTRIA E COMERCIO LTDA,"3.725,58","3.725,58",Em aberto,00/00/0000,01/10/2024,Boleto Bancário,Compras de fornecedores,Itaú,-,15/01/2025
01/2025,11823/4,Gotarget Softwares Ltda,200,200,Em aberto,00/00/0000,02/10/2024,Boleto Bancário,Gotarget,Itaú,-,05/01/2025
01/2025,146131/3,Seguros Sura S/A,"63,64","63,64",Em aberto,00/00/0000,04/10/2024,Boleto Bancário,-,Itaú,-,03/01/2025
01/2025,034192/03,G & S HOME SOLUTIONS,"8.767,34","8.767,34",Em aberto,00/00/0000,09/10/2024,Boleto Bancário,Compras de fornecedores,Itaú,-,02/01/2025
01/2025,5971/4,Porto Seguro Cia,"208,91","208,91",Em aberto,00/00/0000,16/09/2024,-,Segurança,Itaú,-,15/01/2025
01/2025,037732/05,EasyTech Shield Brasil LTDA,"5.350,93","5.350,93",Em aberto,00/00/0000,11/10/2024,Boleto Bancário,Compras de fornecedores,Itaú,-,02/01/2025
01/2025,09/2024/4,Sabesp,"304,51","304,51",Em aberto,00/00/0000,12/10/2024,Boleto Bancário,Água,Itaú,-,25/01/2025
01/2025,11/2024,EDP,"515,25","515,25",Em aberto,00/00/0000,14/10/2024,Boleto Bancário,Energia elétrica,Itaú,-,18/01/2025
01/2025,017399/03,NANO4YOU BRASIL NANOTECNOLOGIA SA,"2.172,60","2.172,60",Em aberto,00/00/0000,15/10/2024,Boleto Bancário,Compras de fornecedores,Itaú,-,08/01/2025
01/2025,017416/03,NANO4YOU BRASIL NANOTECNOLOGIA SA,"4.742,09","4.742,09",Em aberto,00/00/0000,15/10/2024,Boleto Bancário,Compras de fornecedores,Itaú,-,09/01/2025
01/2025,6073/4,Bling Organisys Software,425,425,Em aberto,00/00/0000,16/10/2024,Boleto Bancário,BLING,Itaú,-,16/01/2025
01/2025,113270/03,I.P. CLEANING INDUSTRIA E COMERCIO LTDA,"2.525,34","2.525,34",Em aberto,00/00/0000,16/10/2024,Boleto Bancário,Compras de fornecedores,Itaú,-,29/01/2025
01/2025,034482/03,G & S HOME SOLUTIONS,"4.434,00","4.434,00",Em aberto,00/00/0000,17/10/2024,Boleto Bancário,Compras de fornecedores,Itaú,-,13/01/2025
01/2025,6111/4,BR24 SERVICES,"585,83","585,83",Em aberto,00/00/0000,17/10/2024,-,BR24,Sicredi,-,28/01/2025
01/2025,6123/4,PANDA VIDEO,"60,5","60,5",Em aberto,00/00/0000,17/10/2024,-,PANDA VIDEO,Sicredi,-,28/01/2025
01/2025,017651/03,NANO4YOU BRASIL NANOTECNOLOGIA SA,"2.371,05","2.371,05",Em aberto,00/00/0000,23/10/2024,Boleto Bancário,Compras de fornecedores,Itaú,-,19/01/2025
01/2025,113564/02,I.P. CLEANING INDUSTRIA E COMERCIO LTDA,"7.664,04","7.664,04",Em aberto,00/00/0000,23/10/2024,Boleto Bancário,Compras de fornecedores,Itaú,-,10/01/2025
01/2025,017744/03,NANO4YOU BRASIL NANOTECNOLOGIA SA,"9.285,74","9.285,74",Em aberto,00/00/0000,25/10/2024,Boleto Bancário,Compras de fornecedores,Itaú,-,21/01/2025
01/2025,017740/03,NANO4YOU BRASIL NANOTECNOLOGIA SA,"287,89","287,89",Em aberto,00/00/0000,25/10/2024,Boleto Bancário,Compras de fornecedores,Itaú,-,21/01/2025
01/2025,35751341/4,Fundação de Apoio à Universidade de São Paulo - USP,"564,55","564,55",Em aberto,00/00/0000,25/10/2024,-,Treinamento e Aperfeiçoamento,Itaú,-,31/01/2025
01/2025,13/66/4,PRONAMPE,"3.934,12","3.934,12",Em aberto,00/00/0000,27/10/2024,-,Financiamento/capital de giro,Sicredi,-,27/01/2025
01/2025,034717/03,G & S HOME SOLUTIONS,"7.737,34","7.737,34",Em aberto,00/00/0000,28/10/2024,Boleto Bancário,Compras de fornecedores,Itaú,-,21/01/2025
01/2025,017897/03,NANO4YOU BRASIL NANOTECNOLOGIA SA,"1.086,30","1.086,30",Em aberto,00/00/0000,29/10/2024,Boleto Bancário,Compras de fornecedores,Itaú,-,27/01/2025
01/2025,037977/04,EasyTech Shield Brasil LTDA,"5.942,39","5.942,39",Em aberto,00/00/0000,30/10/2024,Boleto Bancário,Compras de fornecedores,Itaú,-,06/01/2025
01/2025,037977/05,EasyTech Shield Brasil LTDA,"5.942,39","5.942,39",Em aberto,00/00/0000,30/10/2024,Boleto Bancário,Compras de fornecedores,Itaú,-,20/01/2025
01/2025,331670/03,CHIAPERINI INDUSTRIAL LTDA,"1.177,00","1.177,00",Em aberto,00/00/0000,31/10/2024,Boleto Bancário,Compras de fornecedores,Itaú,-,23/01/2025
01/2025,034923/02,G & S HOME SOLUTIONS,"4.576,60","4.576,60",Em aberto,00/00/0000,06/11/2024,Boleto Bancário,Compras de fornecedores,Itaú,-,29/12/2024
01/2025,6448/3,contabilidade,"4.421,67","4.421,67",Em aberto,00/00/0000,06/11/2024,-,-,Itaú,-,27/01/2025
01/2025,6466/3,Google Internet,"8.000,00","8.000,00",Em aberto,00/00/0000,06/11/2024,-,Google,Itaú,-,15/01/2025
01/2025,6478/3,MICROSOFT,45,45,Em aberto,00/00/0000,06/11/2024,-,Microsoft,Itaú,-,15/01/2025
01/2025,6490/3,Mercado Livre,"6.097,38","6.097,38",Em aberto,00/00/0000,06/11/2024,-,Mercado Livre Ads,Itaú,-,15/01/2025
01/2025,017951/03,NANO4YOU BRASIL NANOTECNOLOGIA SA,"9.285,74","9.285,74",Em aberto,00/00/0000,07/11/2024,Boleto Bancário,Compras de fornecedores,Itaú,-,28/01/2025
01/2025,237595/05,SPARTAN DO BRASIL PRODUTOS QUIMICOS LTDA,"1.916,82","1.916,82",Em aberto,00/00/0000,12/11/2024,Boleto Bancário,Compras de fornecedores,Itaú,-,07/01/2025
01/2025,236277/05,SPARTAN DO BRASIL PRODUTOS QUIMICOS LTDA,"293,82","293,82",Em aberto,00/00/0000,12/11/2024,Boleto Bancário,Compras de fornecedores,Itaú,-,23/12/2024
01/2025,6438/2,Pleiades Entretenimento Ltda,250,250,Em aberto,00/00/0000,12/11/2024,-,-,Itaú,-,15/01/2025
01/2025,020116/03,M.N. INDUSTRIA DE PELES LTDA,"1.040,16","1.040,16",Em aberto,00/00/0000,18/11/2024,Boleto Bancário,Compras de fornecedores,Itaú,-,08/01/2025
01/2025,038244/03,EasyTech Shield Brasil LTDA,"5.481,02","5.481,02",Em aberto,00/00/0000,19/11/2024,Boleto Bancário,Compras de fornecedores,Itaú,-,09/01/2025
01/2025,038244/04,EasyTech Shield Brasil LTDA,"5.481,02","5.481,02",Em aberto,00/00/0000,19/11/2024,Boleto Bancário,Compras de fornecedores,Itaú,-,23/01/2025
01/2025,6692/3,FOCUS DESENVOLVIMENTO GERENCIAL LTDA,"2.667,00","2.667,00",Em aberto,00/00/0000,22/11/2024,-,-,Itaú,-,27/01/2025
01/2025,035440/02,G & S HOME SOLUTIONS,"1.510,66","1.510,66",Em aberto,00/00/0000,23/11/2024,Boleto Bancário,Compras de fornecedores,Itaú,-,12/01/2025
01/2025,035691/02,G & S HOME SOLUTIONS,"1.414,00","1.414,00",Em aberto,00/00/0000,23/11/2024,Boleto Bancário,Compras de fornecedores,Itaú,-,20/01/2025
01/2025,238445/03,SPARTAN DO BRASIL PRODUTOS QUIMICOS LTDA,"1.754,87","1.754,87",Em aberto,00/00/0000,23/11/2024,Boleto Bancário,Compras de fornecedores,Itaú,-,02/01/2025
01/2025,238445/04,SPARTAN DO BRASIL PRODUTOS QUIMICOS LTDA,"1.754,87","1.754,87",Em aberto,00/00/0000,23/11/2024,Boleto Bancário,Compras de fornecedores,Itaú,-,09/01/2025
01/2025,238445/05,SPARTAN DO BRASIL PRODUTOS QUIMICOS LTDA,"1.754,87","1.754,87",Em aberto,00/00/0000,23/11/2024,Boleto Bancário,Compras de fornecedores,Itaú,-,16/01/2025
01/2025,6741/1,CORREIOS,"11.000,00","11.000,00",Em aberto,00/00/0000,23/11/2024,-,Correios,Itaú,-,11/01/2025
01/2025,106291/03,EVC INDUSTRIAL LTDA,"589,73","589,73",Em aberto,00/00/0000,25/11/2024,Boleto Bancário,Compras de fornecedores,Itaú,-,09/01/2025
,,,"219.142,31","219.142,31",,,,,,,,
02/2025,,HYPER CONSULTORIA,0,0,Em aberto,00/00/0000,20/01/2024,-,-,Itaú,-,17/02/2025
02/2025,,HYPER CONSULTORIA,"2.500,00","2.500,00",Em aberto,00/00/0000,20/01/2024,-,-,Itaú,-,28/02/2025
02/2025,qc11501,Mayza Helena Moura Ceschin,"1.500,00","1.500,00",Em aberto,00/00/0000,20/01/2024,Boleto Bancário,Propaganda e publicidade,Itaú,-,17/02/2025
02/2025,qc11501,Mayza Helena Moura Ceschin,"1.500,00","1.500,00",Em aberto,00/00/0000,20/01/2024,Boleto Bancário,Propaganda e publicidade,Itaú,-,28/02/2025
02/2025,1457/13,Mercado Livre,"17.623,78","17.623,78",Em aberto,00/00/0000,19/02/2024,-,Financiamento/capital de giro,Caixa,-,17/02/2025
02/2025,391905/12,LM Transportes Interestaduais Serviços e Comercio S/A,"1.789,00","1.789,00",Em aberto,00/00/0000,23/02/2024,-,Locações de máquinas e equipamentos,Itaú,-,10/02/2025
02/2025,previsão/12,E-Clik Serviços Digitais Ltda,"396,52","396,52",Em aberto,00/00/0000,04/03/2024,-,Propaganda e publicidade,Itaú,-,25/02/2025
02/2025,542162/12,Abralimp Assoc Brasileira do Mercado de Limp Profissional,386,386,Em aberto,00/00/0000,13/03/2024,-,-,Itaú,-,24/02/2025
02/2025,2290/12,HYPER CONSULTORIA,950,950,Em aberto,00/00/0000,15/03/2024,-,-,Itaú,-,17/02/2025
02/2025,2606/11,BNI BRASIL,"350,75","350,75",Em aberto,00/00/0000,30/03/2024,-,-,Sicredi,-,28/02/2025
02/2025,04/2024/11,Telefonica Brasil S/A,20,20,Em aberto,00/00/0000,10/04/2024,-,Telefone,Itaú,-,17/02/2025
02/2025,3164/10,IDERIS,"1.676,60","1.676,60",Em aberto,00/00/0000,16/04/2024,-,-,Itaú,-,17/02/2025
02/2025,3175/11,Google Internet,"8.000,00","8.000,00",Em aberto,00/00/0000,16/04/2024,-,Propaganda e publicidade,Sicredi,-,28/02/2025
02/2025,3404/10,Frenet - Gateway de Fretes,157,157,Em aberto,00/00/0000,23/04/2024,-,Software,Itaú,-,05/02/2025
02/2025,3676/10,ZapSign,"69,9","69,9",Em aberto,00/00/0000,27/04/2024,-,Zap Sing,Itaú,-,17/02/2025
02/2025,418472/10,2Eletro Com e Distr de Produtos,"264,02","264,02",Em aberto,00/00/0000,14/05/2024,-,-,Sicredi,-,28/02/2025
02/2025,152/9,Robmosan Comercio de Informática,"269,93","269,93",Em aberto,00/00/0000,17/05/2024,-,-,Sicredi,-,28/02/2025
02/2025,108904/07,I.P. CLEANING INDUSTRIA E COMERCIO LTDA,"2.556,89","2.556,89",Em aberto,00/00/0000,05/07/2024,Boleto Bancário,Compras de fornecedores,Itaú,-,09/02/2025
02/2025,108971/07,I.P. CLEANING INDUSTRIA E COMERCIO LTDA,"1.107,70","1.107,70",Em aberto,00/00/0000,10/07/2024,Boleto Bancário,Compras de fornecedores,Itaú,-,10/02/2025
02/2025,4760/8,Dohko Technology,649,649,Em aberto,00/00/0000,13/07/2024,-,-,Sicredi,-,28/02/2025
02/2025,07/2024/7,Telefonica Brasil S/A,"79,99","79,99",Em aberto,00/00/0000,23/07/2024,-,Internet,Itaú,-,03/02/2025
02/2025,5010/7,exame,"49,75","49,75",Em aberto,00/00/0000,03/07/2024,-,-,Itaú,-,17/02/2025
02/2025,110272/06,I.P. CLEANING INDUSTRIA E COMERCIO LTDA,"2.769,25","2.769,25",Em aberto,00/00/0000,09/08/2024,Boleto Bancário,Compras de fornecedores,Itaú,-,13/02/2025
02/2025,1/36/7,Itau,"4.393,57","4.393,57",Em aberto,00/00/0000,14/08/2024,-,Financiamento/capital de giro,Itaú,-,26/02/2025
02/2025,5642/4,Aliança Imóveis,"8.000,00","8.000,00",Em aberto,00/00/0000,17/09/2024,Boleto Bancário,Aluguel,Itaú,-,16/02/2025
02/2025,PREVISÃO/6,Simples Nacional,"1.195,69","1.195,69",Em aberto,00/00/0000,19/09/2024,-,Impostos sobre vendas,Itaú,-,28/02/2025
02/2025,28572031/5,Boa Vista Serviços S/A,"101,07","101,07",Em aberto,00/00/0000,26/09/2024,-,Boa Vista Analise de Credito,Itaú,-,10/02/2025
02/2025,112666/04,I.P. CLEANING INDUSTRIA E COMERCIO LTDA,"2.026,06","2.026,06",Em aberto,00/00/0000,01/10/2024,Boleto Bancário,Compras de fornecedores,Itaú,-,14/02/2025
02/2025,112752/04,I.P. CLEANING INDUSTRIA E COMERCIO LTDA,"3.725,56","3.725,56",Em aberto,00/00/0000,01/10/2024,Boleto Bancário,Compras de fornecedores,Itaú,-,14/02/2025
02/2025,11823/5,Gotarget Softwares Ltda,200,200,Em aberto,00/00/0000,02/10/2024,Boleto Bancário,Gotarget,Itaú,-,05/02/2025
02/2025,146131/4,Seguros Sura S/A,"63,64","63,64",Em aberto,00/00/0000,04/10/2024,Boleto Bancário,-,Itaú,-,03/02/2025
02/2025,09/2024/5,Sabesp,"304,51","304,51",Em aberto,00/00/0000,12/10/2024,Boleto Bancário,Água,Itaú,-,25/02/2025
02/2025,11/2024,EDP,"515,25","515,25",Em aberto,00/00/0000,14/10/2024,Boleto Bancário,Energia elétrica,Itaú,-,18/02/2025
02/2025,6073/5,Bling Organisys Software,425,425,Em aberto,00/00/0000,16/10/2024,Boleto Bancário,BLING,Itaú,-,16/02/2025
02/2025,113270/04,I.P. CLEANING INDUSTRIA E COMERCIO LTDA,"2.525,34","2.525,34",Em aberto,00/00/0000,16/10/2024,Boleto Bancário,Compras de fornecedores,Itaú,-,28/02/2025
02/2025,6111/5,BR24 SERVICES,"585,83","585,83",Em aberto,00/00/0000,17/10/2024,-,BR24,Sicredi,-,28/02/2025
02/2025,6123/5,PANDA VIDEO,"60,5","60,5",Em aberto,00/00/0000,17/10/2024,-,PANDA VIDEO,Sicredi,-,28/02/2025
02/2025,113564/03,I.P. CLEANING INDUSTRIA E COMERCIO LTDA,"7.664,04","7.664,04",Em aberto,00/00/0000,23/10/2024,Boleto Bancário,Compras de fornecedores,Itaú,-,09/02/2025
02/2025,35751341/5,Fundação de Apoio à Universidade de São Paulo - USP,"564,55","564,55",Em aberto,00/00/0000,25/10/2024,-,Treinamento e Aperfeiçoamento,Itaú,-,28/02/2025
02/2025,13/66/5,PRONAMPE,"3.934,12","3.934,12",Em aberto,00/00/0000,27/10/2024,-,Financiamento/capital de giro,Sicredi,-,27/02/2025
02/2025,034923/03,G & S HOME SOLUTIONS,"4.576,60","4.576,60",Em aberto,00/00/0000,06/11/2024,Boleto Bancário,Compras de fornecedores,Itaú,-,28/01/2025
02/2025,6448/4,contabilidade,"4.421,67","4.421,67",Em aberto,00/00/0000,06/11/2024,-,-,Itaú,-,25/02/2025
02/2025,6466/4,Google Internet,"8.000,00","8.000,00",Em aberto,00/00/0000,06/11/2024,-,Google,Itaú,-,17/02/2025
02/2025,6478/4,MICROSOFT,45,45,Em aberto,00/00/0000,06/11/2024,-,Microsoft,Itaú,-,17/02/2025
02/2025,6490/4,Mercado Livre,"6.097,38","6.097,38",Em aberto,00/00/0000,06/11/2024,-,Mercado Livre Ads,Itaú,-,17/02/2025
02/2025,6438/3,Pleiades Entretenimento Ltda,250,250,Em aberto,00/00/0000,12/11/2024,-,-,Itaú,-,17/02/2025
02/2025,038244/05,EasyTech Shield Brasil LTDA,"5.481,02","5.481,02",Em aberto,00/00/0000,19/11/2024,Boleto Bancário,Compras de fornecedores,Itaú,-,06/02/2025
02/2025,6692/4,FOCUS DESENVOLVIMENTO GERENCIAL LTDA,"2.667,00","2.667,00",Em aberto,00/00/0000,22/11/2024,-,-,Itaú,-,27/02/2025
02/2025,035440/03,G & S HOME SOLUTIONS,"1.510,68","1.510,68",Em aberto,00/00/0000,23/11/2024,Boleto Bancário,Compras de fornecedores,Itaú,-,11/02/2025
02/2025,035691/03,G & S HOME SOLUTIONS,"1.414,00","1.414,00",Em aberto,00/00/0000,23/11/2024,Boleto Bancário,Compras de fornecedores,Itaú,-,19/02/2025
02/2025,6741/2,CORREIOS,"11.000,00","11.000,00",Em aberto,00/00/0000,23/11/2024,-,Correios,Itaú,-,11/02/2025
,,,"126.414,16","126.414,16",,,,,,,,
03/2025,,HYPER CONSULTORIA,0,0,Em aberto,00/00/0000,21/01/2024,-,-,Itaú,-,17/03/2025
03/2025,,HYPER CONSULTORIA,"2.500,00","2.500,00",Em aberto,00/00/0000,21/01/2024,-,-,Itaú,-,31/03/2025
03/2025,qc11501,Mayza Helena Moura Ceschin,"1.500,00","1.500,00",Em aberto,00/00/0000,21/01/2024,Boleto Bancário,Propaganda e publicidade,Itaú,-,17/03/2025
03/2025,qc11501,Mayza Helena Moura Ceschin,"1.500,00","1.500,00",Em aberto,00/00/0000,21/01/2024,Boleto Bancário,Propaganda e publicidade,Itaú,-,31/03/2025
03/2025,1457/14,Mercado Livre,"17.623,78","17.623,78",Em aberto,00/00/0000,19/02/2024,-,Financiamento/capital de giro,Caixa,-,17/03/2025
03/2025,391905/13,LM Transportes Interestaduais Serviços e Comercio S/A,"1.789,00","1.789,00",Em aberto,00/00/0000,23/02/2024,-,Locações de máquinas e equipamentos,Itaú,-,10/03/2025
03/2025,2606/12,BNI BRASIL,"350,75","350,75",Em aberto,00/00/0000,30/03/2024,-,-,Sicredi,-,28/03/2025
03/2025,04/2024/12,Telefonica Brasil S/A,20,20,Em aberto,00/00/0000,10/04/2024,-,Telefone,Itaú,-,17/03/2025
03/2025,3164/11,IDERIS,"1.676,60","1.676,60",Em aberto,00/00/0000,16/04/2024,-,-,Itaú,-,17/03/2025
03/2025,3175/12,Google Internet,"8.000,00","8.000,00",Em aberto,00/00/0000,16/04/2024,-,Propaganda e publicidade,Sicredi,-,28/03/2025
03/2025,3404/11,Frenet - Gateway de Fretes,157,157,Em aberto,00/00/0000,23/04/2024,-,Software,Itaú,-,05/03/2025
03/2025,3676/11,ZapSign,"69,9","69,9",Em aberto,00/00/0000,27/04/2024,-,Zap Sing,Itaú,-,17/03/2025
03/2025,152/10,Robmosan Comercio de Informática,"269,93","269,93",Em aberto,00/00/0000,17/05/2024,-,-,Sicredi,-,28/03/2025
03/2025,108904/08,I.P. CLEANING INDUSTRIA E COMERCIO LTDA,"2.556,87","2.556,87",Em aberto,00/00/0000,05/07/2024,Boleto Bancário,Compras de fornecedores,Itaú,-,11/03/2025
03/2025,108971/08,I.P. CLEANING INDUSTRIA E COMERCIO LTDA,"1.107,70","1.107,70",Em aberto,00/00/0000,10/07/2024,Boleto Bancário,Compras de fornecedores,Itaú,-,12/03/2025
03/2025,4760/9,Dohko Technology,649,649,Em aberto,00/00/0000,13/07/2024,-,-,Sicredi,-,31/03/2025
03/2025,07/2024/8,Telefonica Brasil S/A,"79,99","79,99",Em aberto,00/00/0000,23/07/2024,-,Internet,Itaú,-,03/03/2025
03/2025,5010/8,exame,"49,75","49,75",Em aberto,00/00/0000,03/07/2024,-,-,Itaú,-,17/03/2025
03/2025,110272/07,I.P. CLEANING INDUSTRIA E COMERCIO LTDA,"2.769,25","2.769,25",Em aberto,00/00/0000,09/08/2024,Boleto Bancário,Compras de fornecedores,Itaú,-,15/03/2025
03/2025,1/36/8,Itau,"4.393,57","4.393,57",Em aberto,00/00/0000,14/08/2024,-,Financiamento/capital de giro,Itaú,-,26/03/2025
03/2025,5642/5,Aliança Imóveis,"8.000,00","8.000,00",Em aberto,00/00/0000,17/09/2024,Boleto Bancário,Aluguel,Itaú,-,16/03/2025
03/2025,PREVISÃO/7,Simples Nacional,"1.195,69","1.195,69",Em aberto,00/00/0000,19/09/2024,-,Impostos sobre vendas,Itaú,-,31/03/2025
03/2025,28572031/6,Boa Vista Serviços S/A,"101,07","101,07",Em aberto,00/00/0000,26/09/2024,-,Boa Vista Analise de Credito,Itaú,-,10/03/2025
03/2025,11823/6,Gotarget Softwares Ltda,200,200,Em aberto,00/00/0000,02/10/2024,Boleto Bancário,Gotarget,Itaú,-,05/03/2025
03/2025,146131/5,Seguros Sura S/A,"63,64","63,64",Em aberto,00/00/0000,04/10/2024,Boleto Bancário,-,Itaú,-,03/03/2025
03/2025,09/2024/6,Sabesp,"304,51","304,51",Em aberto,00/00/0000,12/10/2024,Boleto Bancário,Água,Itaú,-,25/03/2025
03/2025,11/2024,EDP,"515,25","515,25",Em aberto,00/00/0000,14/10/2024,Boleto Bancário,Energia elétrica,Itaú,-,18/03/2025
03/2025,6073/6,Bling Organisys Software,425,425,Em aberto,00/00/0000,16/10/2024,Boleto Bancário,BLING,Itaú,-,16/03/2025
03/2025,113270/05,I.P. CLEANING INDUSTRIA E COMERCIO LTDA,"2.525,36","2.525,36",Em aberto,00/00/0000,16/10/2024,Boleto Bancário,Compras de fornecedores,Itaú,-,30/03/2025
03/2025,6111/6,BR24 SERVICES,"585,83","585,83",Em aberto,00/00/0000,17/10/2024,-,BR24,Sicredi,-,28/03/2025
03/2025,6123/6,PANDA VIDEO,"60,5","60,5",Em aberto,00/00/0000,17/10/2024,-,PANDA VIDEO,Sicredi,-,28/03/2025
03/2025,113564/04,I.P. CLEANING INDUSTRIA E COMERCIO LTDA,"7.664,04","7.664,04",Em aberto,00/00/0000,23/10/2024,Boleto Bancário,Compras de fornecedores,Itaú,-,11/03/2025
03/2025,35751341/6,Fundação de Apoio à Universidade de São Paulo - USP,"564,55","564,55",Em aberto,00/00/0000,25/10/2024,-,Treinamento e Aperfeiçoamento,Itaú,-,31/03/2025
03/2025,13/66/6,PRONAMPE,"3.934,12","3.934,12",Em aberto,00/00/0000,27/10/2024,-,Financiamento/capital de giro,Sicredi,-,27/03/2025
03/2025,6448/5,contabilidade,"4.421,67","4.421,67",Em aberto,00/00/0000,06/11/2024,-,-,Itaú,-,25/03/2025
03/2025,6466/5,Google Internet,"8.000,00","8.000,00",Em aberto,00/00/0000,06/11/2024,-,Google,Itaú,-,17/03/2025
03/2025,6478/5,MICROSOFT,45,45,Em aberto,00/00/0000,06/11/2024,-,Microsoft,Itaú,-,17/03/2025
03/2025,6490/5,Mercado Livre,"6.097,38","6.097,38",Em aberto,00/00/0000,06/11/2024,-,Mercado Livre Ads,Itaú,-,17/03/2025
03/2025,6438/4,Pleiades Entretenimento Ltda,250,250,Em aberto,00/00/0000,12/11/2024,-,-,Itaú,-,17/03/2025
03/2025,6692/5,FOCUS DESENVOLVIMENTO GERENCIAL LTDA,"2.667,00","2.667,00",Em aberto,00/00/0000,22/11/2024,-,-,Itaú,-,27/03/2025
03/2025,6741/3,CORREIOS,"11.000,00","11.000,00",Em aberto,00/00/0000,23/11/2024,-,Correios,Itaú,-,11/03/2025
,,,"105.683,70","105.683,70",,,,,,,,
04/2025,,HYPER CONSULTORIA,0,0,Em aberto,00/00/0000,22/01/2024,-,-,Itaú,-,15/04/2025
04/2025,,HYPER CONSULTORIA,"2.500,00","2.500,00",Em aberto,00/00/0000,22/01/2024,-,-,Itaú,-,30/04/2025
04/2025,qc11501,Mayza Helena Moura Ceschin,"1.500,00","1.500,00",Em aberto,00/00/0000,22/01/2024,Boleto Bancário,Propaganda e publicidade,Itaú,-,15/04/2025
04/2025,qc11501,Mayza Helena Moura Ceschin,"1.500,00","1.500,00",Em aberto,00/00/0000,22/01/2024,Boleto Bancário,Propaganda e publicidade,Itaú,-,29/04/2025
04/2025,1457/15,Mercado Livre,"17.623,78","17.623,78",Em aberto,00/00/0000,19/02/2024,-,Financiamento/capital de giro,Caixa,-,17/04/2025
04/2025,391905/14,LM Transportes Interestaduais Serviços e Comercio S/A,"1.789,00","1.789,00",Em aberto,00/00/0000,23/02/2024,-,Locações de máquinas e equipamentos,Itaú,-,10/04/2025
04/2025,3404/12,Frenet - Gateway de Fretes,157,157,Em aberto,00/00/0000,23/04/2024,-,Software,Itaú,-,07/04/2025
04/2025,3676/12,ZapSign,"69,9","69,9",Em aberto,00/00/0000,27/04/2024,-,Zap Sing,Itaú,-,15/04/2025
04/2025,4760/10,Dohko Technology,649,649,Em aberto,00/00/0000,13/07/2024,-,-,Sicredi,-,29/04/2025
04/2025,07/2024/9,Telefonica Brasil S/A,"79,99","79,99",Em aberto,00/00/0000,23/07/2024,-,Internet,Itaú,-,02/04/2025
04/2025,5010/9,exame,"49,75","49,75",Em aberto,00/00/0000,03/07/2024,-,-,Itaú,-,15/04/2025
04/2025,110272/08,I.P. CLEANING INDUSTRIA E COMERCIO LTDA,"2.769,25","2.769,25",Em aberto,00/00/0000,09/08/2024,Boleto Bancário,Compras de fornecedores,Itaú,-,14/04/2025
04/2025,1/36/9,Itau,"4.393,57","4.393,57",Em aberto,00/00/0000,14/08/2024,-,Financiamento/capital de giro,Itaú,-,28/04/2025
04/2025,5642/6,Aliança Imóveis,"8.000,00","8.000,00",Em aberto,00/00/0000,17/09/2024,Boleto Bancário,Aluguel,Itaú,-,16/04/2025
04/2025,PREVISÃO/8,Simples Nacional,"1.195,69","1.195,69",Em aberto,00/00/0000,19/09/2024,-,Impostos sobre vendas,Itaú,-,30/04/2025
04/2025,28572031/7,Boa Vista Serviços S/A,"101,07","101,07",Em aberto,00/00/0000,26/09/2024,-,Boa Vista Analise de Credito,Itaú,-,08/04/2025
04/2025,11823/7,Gotarget Softwares Ltda,200,200,Em aberto,00/00/0000,02/10/2024,Boleto Bancário,Gotarget,Itaú,-,05/04/2025
04/2025,146131/6,Seguros Sura S/A,"63,64","63,64",Em aberto,00/00/0000,04/10/2024,Boleto Bancário,-,Itaú,-,03/04/2025
04/2025,09/2024/7,Sabesp,"304,51","304,51",Em aberto,00/00/0000,12/10/2024,Boleto Bancário,Água,Itaú,-,25/04/2025
04/2025,11/2024,EDP,"515,25","515,25",Em aberto,00/00/0000,14/10/2024,Boleto Bancário,Energia elétrica,Itaú,-,18/04/2025
04/2025,6073/7,Bling Organisys Software,425,425,Em aberto,00/00/0000,16/10/2024,Boleto Bancário,BLING,Itaú,-,16/04/2025
04/2025,6111/7,BR24 SERVICES,"585,83","585,83",Em aberto,00/00/0000,17/10/2024,-,BR24,Sicredi,-,28/04/2025
04/2025,6123/7,PANDA VIDEO,"60,5","60,5",Em aberto,00/00/0000,17/10/2024,-,PANDA VIDEO,Sicredi,-,28/04/2025
04/2025,113564/05,I.P. CLEANING INDUSTRIA E COMERCIO LTDA,"7.664,04","7.664,04",Em aberto,00/00/0000,23/10/2024,Boleto Bancário,Compras de fornecedores,Itaú,-,10/04/2025
04/2025,35751341/7,Fundação de Apoio à Universidade de São Paulo - USP,"564,55","564,55",Em aberto,00/00/0000,25/10/2024,-,Treinamento e Aperfeiçoamento,Itaú,-,30/04/2025
04/2025,13/66/7,PRONAMPE,"3.934,12","3.934,12",Em aberto,00/00/0000,27/10/2024,-,Financiamento/capital de giro,Sicredi,-,28/04/2025
04/2025,6448/6,contabilidade,"4.421,67","4.421,67",Em aberto,00/00/0000,06/11/2024,-,-,Itaú,-,25/04/2025
04/2025,6466/6,Google Internet,"8.000,00","8.000,00",Em aberto,00/00/0000,06/11/2024,-,Google,Itaú,-,15/04/2025
04/2025,6478/6,MICROSOFT,45,45,Em aberto,00/00/0000,06/11/2024,-,Microsoft,Itaú,-,15/04/2025
04/2025,6490/6,Mercado Livre,"6.097,38","6.097,38",Em aberto,00/00/0000,06/11/2024,-,Mercado Livre Ads,Itaú,-,15/04/2025
04/2025,6692/6,FOCUS DESENVOLVIMENTO GERENCIAL LTDA,"2.667,00","2.667,00",Em aberto,00/00/0000,22/11/2024,-,-,Itaú,-,28/04/2025
04/2025,6741/4,CORREIOS,"11.000,00","11.000,00",Em aberto,00/00/0000,23/11/2024,-,Correios,Itaú,-,11/04/2025
,,,"88.926,49","88.926,49",,,,,,,,
05/2025,,HYPER CONSULTORIA,0,0,Em aberto,00/00/0000,24/01/2024,-,-,Itaú,-,15/05/2025
05/2025,,HYPER CONSULTORIA,"2.500,00","2.500,00",Em aberto,00/00/0000,24/01/2024,-,-,Itaú,-,30/05/2025
05/2025,qc11501,Mayza Helena Moura Ceschin,"1.500,00","1.500,00",Em aberto,00/00/0000,24/01/2024,Boleto Bancário,Propaganda e publicidade,Itaú,-,15/05/2025
05/2025,qc11501,Mayza Helena Moura Ceschin,"1.500,00","1.500,00",Em aberto,00/00/0000,24/01/2024,Boleto Bancário,Propaganda e publicidade,Itaú,-,29/05/2025
05/2025,1457/16,Mercado Livre,"17.623,78","17.623,78",Em aberto,00/00/0000,19/02/2024,-,Financiamento/capital de giro,Caixa,-,19/05/2025
05/2025,391905/15,LM Transportes Interestaduais Serviços e Comercio S/A,"1.789,00","1.789,00",Em aberto,00/00/0000,23/02/2024,-,Locações de máquinas e equipamentos,Itaú,-,12/05/2025
05/2025,4760/11,Dohko Technology,649,649,Em aberto,00/00/0000,13/07/2024,-,-,Sicredi,-,29/05/2025
05/2025,07/2024/10,Telefonica Brasil S/A,"79,99","79,99",Em aberto,00/00/0000,23/07/2024,-,Internet,Itaú,-,02/05/2025
05/2025,5010/10,exame,"49,75","49,75",Em aberto,00/00/0000,03/07/2024,-,-,Itaú,-,15/05/2025
05/2025,1/36/10,Itau,"4.393,57","4.393,57",Em aberto,00/00/0000,14/08/2024,-,Financiamento/capital de giro,Itaú,-,26/05/2025
05/2025,5642/7,Aliança Imóveis,"8.000,00","8.000,00",Em aberto,00/00/0000,17/09/2024,Boleto Bancário,Aluguel,Itaú,-,16/05/2025
05/2025,PREVISÃO/9,Simples Nacional,"1.195,69","1.195,69",Em aberto,00/00/0000,19/09/2024,-,Impostos sobre vendas,Itaú,-,30/05/2025
05/2025,28572031/8,Boa Vista Serviços S/A,"101,07","101,07",Em aberto,00/00/0000,26/09/2024,-,Boa Vista Analise de Credito,Itaú,-,08/05/2025
05/2025,11823/8,Gotarget Softwares Ltda,200,200,Em aberto,00/00/0000,02/10/2024,Boleto Bancário,Gotarget,Itaú,-,05/05/2025
05/2025,146131/7,Seguros Sura S/A,"63,64","63,64",Em aberto,00/00/0000,04/10/2024,Boleto Bancário,-,Itaú,-,03/05/2025
05/2025,09/2024/8,Sabesp,"304,51","304,51",Em aberto,00/00/0000,12/10/2024,Boleto Bancário,Água,Itaú,-,25/05/2025
05/2025,11/2024,EDP,"515,25","515,25",Em aberto,00/00/0000,14/10/2024,Boleto Bancário,Energia elétrica,Itaú,-,18/05/2025
05/2025,6073/8,Bling Organisys Software,425,425,Em aberto,00/00/0000,16/10/2024,Boleto Bancário,BLING,Itaú,-,16/05/2025
05/2025,6111/8,BR24 SERVICES,"585,83","585,83",Em aberto,00/00/0000,17/10/2024,-,BR24,Sicredi,-,28/05/2025
05/2025,6123/8,PANDA VIDEO,"60,5","60,5",Em aberto,00/00/0000,17/10/2024,-,PANDA VIDEO,Sicredi,-,28/05/2025
05/2025,35751341/8,Fundação de Apoio à Universidade de São Paulo - USP,"564,55","564,55",Em aberto,00/00/0000,25/10/2024,-,Treinamento e Aperfeiçoamento,Itaú,-,30/05/2025
05/2025,13/66/8,PRONAMPE,"3.934,12","3.934,12",Em aberto,00/00/0000,27/10/2024,-,Financiamento/capital de giro,Sicredi,-,27/05/2025
05/2025,6466/7,Google Internet,"8.000,00","8.000,00",Em aberto,00/00/0000,06/11/2024,-,Google,Itaú,-,15/05/2025
05/2025,6478/7,MICROSOFT,45,45,Em aberto,00/00/0000,06/11/2024,-,Microsoft,Itaú,-,15/05/2025
05/2025,6490/7,Mercado Livre,"6.097,38","6.097,38",Em aberto,00/00/0000,06/11/2024,-,Mercado Livre Ads,Itaú,-,15/05/2025
05/2025,6692/7,FOCUS DESENVOLVIMENTO GERENCIAL LTDA,"2.667,00","2.667,00",Em aberto,00/00/0000,22/11/2024,-,-,Itaú,-,27/05/2025
05/2025,6741/5,CORREIOS,"11.000,00","11.000,00",Em aberto,00/00/0000,23/11/2024,-,Correios,Itaú,-,12/05/2025
,,,"73.844,63","73.844,63",,,,,,,,
06/2025,,HYPER CONSULTORIA,0,0,Em aberto,00/00/0000,25/01/2024,-,-,Itaú,-,16/06/2025
06/2025,,HYPER CONSULTORIA,"2.500,00","2.500,00",Em aberto,00/00/0000,25/01/2024,-,-,Itaú,-,30/06/2025
06/2025,qc11501,Mayza Helena Moura Ceschin,"1.500,00","1.500,00",Em aberto,00/00/0000,25/01/2024,Boleto Bancário,Propaganda e publicidade,Itaú,-,16/06/2025
06/2025,qc11501,Mayza Helena Moura Ceschin,"1.500,00","1.500,00",Em aberto,00/00/0000,25/01/2024,Boleto Bancário,Propaganda e publicidade,Itaú,-,30/06/2025
06/2025,1457/17,Mercado Livre,"17.623,78","17.623,78",Em aberto,00/00/0000,19/02/2024,-,Financiamento/capital de giro,Caixa,-,17/06/2025
06/2025,391905/16,LM Transportes Interestaduais Serviços e Comercio S/A,"1.789,00","1.789,00",Em aberto,00/00/0000,23/02/2024,-,Locações de máquinas e equipamentos,Itaú,-,10/06/2025
06/2025,4760/12,Dohko Technology,649,649,Em aberto,00/00/0000,13/07/2024,-,-,Sicredi,-,30/06/2025
06/2025,07/2024/11,Telefonica Brasil S/A,"79,99","79,99",Em aberto,00/00/0000,23/07/2024,-,Internet,Itaú,-,02/06/2025
06/2025,5010/11,exame,"49,75","49,75",Em aberto,00/00/0000,03/07/2024,-,-,Itaú,-,16/06/2025
06/2025,1/36/11,Itau,"4.393,57","4.393,57",Em aberto,00/00/0000,14/08/2024,-,Financiamento/capital de giro,Itaú,-,26/06/2025
06/2025,5642/8,Aliança Imóveis,"8.000,00","8.000,00",Em aberto,00/00/0000,17/09/2024,Boleto Bancário,Aluguel,Itaú,-,16/06/2025
06/2025,PREVISÃO/10,Simples Nacional,"1.195,69","1.195,69",Em aberto,00/00/0000,19/09/2024,-,Impostos sobre vendas,Itaú,-,30/06/2025
06/2025,28572031/9,Boa Vista Serviços S/A,"101,07","101,07",Em aberto,00/00/0000,26/09/2024,-,Boa Vista Analise de Credito,Itaú,-,09/06/2025
06/2025,11823/9,Gotarget Softwares Ltda,200,200,Em aberto,00/00/0000,02/10/2024,Boleto Bancário,Gotarget,Itaú,-,05/06/2025
06/2025,146131/8,Seguros Sura S/A,"63,64","63,64",Em aberto,00/00/0000,04/10/2024,Boleto Bancário,-,Itaú,-,03/06/2025
06/2025,09/2024/9,Sabesp,"304,51","304,51",Em aberto,00/00/0000,12/10/2024,Boleto Bancário,Água,Itaú,-,25/06/2025
06/2025,11/2024,EDP,"515,25","515,25",Em aberto,00/00/0000,14/10/2024,Boleto Bancário,Energia elétrica,Itaú,-,18/06/2025
06/2025,6073/9,Bling Organisys Software,425,425,Em aberto,00/00/0000,16/10/2024,Boleto Bancário,BLING,Itaú,-,16/06/2025
06/2025,6111/9,BR24 SERVICES,"585,83","585,83",Em aberto,00/00/0000,17/10/2024,-,BR24,Sicredi,-,30/06/2025
06/2025,6123/9,PANDA VIDEO,"60,5","60,5",Em aberto,00/00/0000,17/10/2024,-,PANDA VIDEO,Sicredi,-,30/06/2025
06/2025,35751341/9,Fundação de Apoio à Universidade de São Paulo - USP,"564,55","564,55",Em aberto,00/00/0000,25/10/2024,-,Treinamento e Aperfeiçoamento,Itaú,-,30/06/2025
06/2025,13/66/9,PRONAMPE,"3.934,12","3.934,12",Em aberto,00/00/0000,27/10/2024,-,Financiamento/capital de giro,Sicredi,-,27/06/2025
06/2025,6466/8,Google Internet,"8.000,00","8.000,00",Em aberto,00/00/0000,06/11/2024,-,Google,Itaú,-,16/06/2025
06/2025,6478/8,MICROSOFT,45,45,Em aberto,00/00/0000,06/11/2024,-,Microsoft,Itaú,-,16/06/2025
06/2025,6490/8,Mercado Livre,"6.097,38","6.097,38",Em aberto,00/00/0000,06/11/2024,-,Mercado Livre Ads,Itaú,-,16/06/2025
06/2025,6692/8,FOCUS DESENVOLVIMENTO GERENCIAL LTDA,"2.667,00","2.667,00",Em aberto,00/00/0000,22/11/2024,-,-,Itaú,-,27/06/2025
06/2025,6741/6,CORREIOS,"11.000,00","11.000,00",Em aberto,00/00/0000,23/11/2024,-,Correios,Itaú,-,11/06/2025
,,,"73.844,63","73.844,63",,,,,,,,
07/2025,,HYPER CONSULTORIA,0,0,Em aberto,00/00/0000,26/01/2024,-,-,Itaú,-,15/07/2025
07/2025,,HYPER CONSULTORIA,"2.500,00","2.500,00",Em aberto,00/00/0000,26/01/2024,-,-,Itaú,-,30/07/2025
07/2025,qc11501,Mayza Helena Moura Ceschin,"1.500,00","1.500,00",Em aberto,00/00/0000,26/01/2024,Boleto Bancário,Propaganda e publicidade,Itaú,-,15/07/2025
07/2025,qc11501,Mayza Helena Moura Ceschin,"1.500,00","1.500,00",Em aberto,00/00/0000,26/01/2024,Boleto Bancário,Propaganda e publicidade,Itaú,-,29/07/2025
07/2025,1457/18,Mercado Livre,"17.623,78","17.623,78",Em aberto,00/00/0000,19/02/2024,-,Financiamento/capital de giro,Caixa,-,17/07/2025
07/2025,391905/17,LM Transportes Interestaduais Serviços e Comercio S/A,"1.789,00","1.789,00",Em aberto,00/00/0000,23/02/2024,-,Locações de máquinas e equipamentos,Itaú,-,10/07/2025
07/2025,07/2024/12,Telefonica Brasil S/A,"79,99","79,99",Em aberto,00/00/0000,23/07/2024,-,Internet,Itaú,-,02/07/2025
07/2025,5010/12,exame,"49,75","49,75",Em aberto,00/00/0000,03/07/2024,-,-,Itaú,-,15/07/2025
07/2025,1/36/12,Itau,"4.393,57","4.393,57",Em aberto,00/00/0000,14/08/2024,-,Financiamento/capital de giro,Itaú,-,28/07/2025
07/2025,5642/9,Aliança Imóveis,"8.000,00","8.000,00",Em aberto,00/00/0000,17/09/2024,Boleto Bancário,Aluguel,Itaú,-,16/07/2025
07/2025,PREVISÃO/11,Simples Nacional,"1.195,69","1.195,69",Em aberto,00/00/0000,19/09/2024,-,Impostos sobre vendas,Itaú,-,30/07/2025
07/2025,28572031/10,Boa Vista Serviços S/A,"101,07","101,07",Em aberto,00/00/0000,26/09/2024,-,Boa Vista Analise de Credito,Itaú,-,08/07/2025
07/2025,11823/10,Gotarget Softwares Ltda,200,200,Em aberto,00/00/0000,02/10/2024,Boleto Bancário,Gotarget,Itaú,-,05/07/2025
07/2025,146131/9,Seguros Sura S/A,"63,64","63,64",Em aberto,00/00/0000,04/10/2024,Boleto Bancário,-,Itaú,-,03/07/2025
07/2025,09/2024/10,Sabesp,"304,51","304,51",Em aberto,00/00/0000,12/10/2024,Boleto Bancário,Água,Itaú,-,25/07/2025
07/2025,11/2024,EDP,"515,25","515,25",Em aberto,00/00/0000,14/10/2024,Boleto Bancário,Energia elétrica,Itaú,-,18/07/2025
07/2025,6073/10,Bling Organisys Software,425,425,Em aberto,00/00/0000,16/10/2024,Boleto Bancário,BLING,Itaú,-,16/07/2025
07/2025,6111/10,BR24 SERVICES,"585,83","585,83",Em aberto,00/00/0000,17/10/2024,-,BR24,Sicredi,-,28/07/2025
07/2025,6123/10,PANDA VIDEO,"60,5","60,5",Em aberto,00/00/0000,17/10/2024,-,PANDA VIDEO,Sicredi,-,28/07/2025
07/2025,35751341/10,Fundação de Apoio à Universidade de São Paulo - USP,"564,55","564,55",Em aberto,00/00/0000,25/10/2024,-,Treinamento e Aperfeiçoamento,Itaú,-,31/07/2025
07/2025,13/66/10,PRONAMPE,"3.934,12","3.934,12",Em aberto,00/00/0000,27/10/2024,-,Financiamento/capital de giro,Sicredi,-,28/07/2025
07/2025,6466/9,Google Internet,"8.000,00","8.000,00",Em aberto,00/00/0000,06/11/2024,-,Google,Itaú,-,15/07/2025
07/2025,6478/9,MICROSOFT,45,45,Em aberto,00/00/0000,06/11/2024,-,Microsoft,Itaú,-,15/07/2025
07/2025,6490/9,Mercado Livre,"6.097,38","6.097,38",Em aberto,00/00/0000,06/11/2024,-,Mercado Livre Ads,Itaú,-,15/07/2025
07/2025,6692/9,FOCUS DESENVOLVIMENTO GERENCIAL LTDA,"2.667,00","2.667,00",Em aberto,00/00/0000,22/11/2024,-,-,Itaú,-,28/07/2025
07/2025,6741/7,CORREIOS,"11.000,00","11.000,00",Em aberto,00/00/0000,23/11/2024,-,Correios,Itaú,-,11/07/2025
,,,"73.195,63","73.195,63",,,,,,,,
08/2025,,HYPER CONSULTORIA,0,0,Em aberto,00/00/0000,27/01/2024,-,-,Itaú,-,15/08/2025
08/2025,,HYPER CONSULTORIA,"2.500,00","2.500,00",Em aberto,00/00/0000,27/01/2024,-,-,Itaú,-,29/08/2025
08/2025,qc11501,Mayza Helena Moura Ceschin,"1.500,00","1.500,00",Em aberto,00/00/0000,27/01/2024,Boleto Bancário,Propaganda e publicidade,Itaú,-,15/08/2025
08/2025,qc11501,Mayza Helena Moura Ceschin,"1.500,00","1.500,00",Em aberto,00/00/0000,27/01/2024,Boleto Bancário,Propaganda e publicidade,Itaú,-,29/08/2025
08/2025,1457/19,Mercado Livre,"17.623,78","17.623,78",Em aberto,00/00/0000,19/02/2024,-,Financiamento/capital de giro,Caixa,-,18/08/2025
08/2025,391905/18,LM Transportes Interestaduais Serviços e Comercio S/A,"1.789,00","1.789,00",Em aberto,00/00/0000,23/02/2024,-,Locações de máquinas e equipamentos,Itaú,-,11/08/2025
08/2025,1/36/13,Itau,"4.393,57","4.393,57",Em aberto,00/00/0000,14/08/2024,-,Financiamento/capital de giro,Itaú,-,26/08/2025
08/2025,5642/10,Aliança Imóveis,"8.000,00","8.000,00",Em aberto,00/00/0000,17/09/2024,Boleto Bancário,Aluguel,Itaú,-,16/08/2025
08/2025,PREVISÃO/12,Simples Nacional,"1.195,69","1.195,69",Em aberto,00/00/0000,19/09/2024,-,Impostos sobre vendas,Itaú,-,29/08/2025
08/2025,28572031/11,Boa Vista Serviços S/A,"101,07","101,07",Em aberto,00/00/0000,26/09/2024,-,Boa Vista Analise de Credito,Itaú,-,08/08/2025
08/2025,11823/11,Gotarget Softwares Ltda,200,200,Em aberto,00/00/0000,02/10/2024,Boleto Bancário,Gotarget,Itaú,-,05/08/2025
08/2025,146131/10,Seguros Sura S/A,"63,64","63,64",Em aberto,00/00/0000,04/10/2024,Boleto Bancário,-,Itaú,-,03/08/2025
08/2025,09/2024/11,Sabesp,"304,51","304,51",Em aberto,00/00/0000,12/10/2024,Boleto Bancário,Água,Itaú,-,25/08/2025
08/2025,11/2024,EDP,"515,25","515,25",Em aberto,00/00/0000,14/10/2024,Boleto Bancário,Energia elétrica,Itaú,-,18/08/2025
08/2025,6073/11,Bling Organisys Software,425,425,Em aberto,00/00/0000,16/10/2024,Boleto Bancário,BLING,Itaú,-,16/08/2025
08/2025,6111/11,BR24 SERVICES,"585,83","585,83",Em aberto,00/00/0000,17/10/2024,-,BR24,Sicredi,-,28/08/2025
08/2025,6123/11,PANDA VIDEO,"60,5","60,5",Em aberto,00/00/0000,17/10/2024,-,PANDA VIDEO,Sicredi,-,28/08/2025
08/2025,35751341/11,Fundação de Apoio à Universidade de São Paulo - USP,"564,55","564,55",Em aberto,00/00/0000,25/10/2024,-,Treinamento e Aperfeiçoamento,Itaú,-,29/08/2025
08/2025,13/66/11,PRONAMPE,"3.934,12","3.934,12",Em aberto,00/00/0000,27/10/2024,-,Financiamento/capital de giro,Sicredi,-,27/08/2025
08/2025,6466/10,Google Internet,"8.000,00","8.000,00",Em aberto,00/00/0000,06/11/2024,-,Google,Itaú,-,15/08/2025
08/2025,6478/10,MICROSOFT,45,45,Em aberto,00/00/0000,06/11/2024,-,Microsoft,Itaú,-,15/08/2025
08/2025,6490/10,Mercado Livre,"6.097,38","6.097,38",Em aberto,00/00/0000,06/11/2024,-,Mercado Livre Ads,Itaú,-,15/08/2025
08/2025,6692/10,FOCUS DESENVOLVIMENTO GERENCIAL LTDA,"2.667,00","2.667,00",Em aberto,00/00/0000,22/11/2024,-,-,Itaú,-,27/08/2025
08/2025,6741/8,CORREIOS,"11.000,00","11.000,00",Em aberto,00/00/0000,23/11/2024,-,Correios,Itaú,-,11/08/2025
,,,"73.065,89","73.065,89",,,,,,,,
09/2025,,HYPER CONSULTORIA,0,0,Em aberto,00/00/0000,28/01/2024,-,-,Itaú,-,15/09/2025
09/2025,,HYPER CONSULTORIA,"2.500,00","2.500,00",Em aberto,00/00/0000,28/01/2024,-,-,Itaú,-,30/09/2025
09/2025,qc11501,Mayza Helena Moura Ceschin,"1.500,00","1.500,00",Em aberto,00/00/0000,28/01/2024,Boleto Bancário,Propaganda e publicidade,Itaú,-,15/09/2025
09/2025,qc11501,Mayza Helena Moura Ceschin,"1.500,00","1.500,00",Em aberto,00/00/0000,28/01/2024,Boleto Bancário,Propaganda e publicidade,Itaú,-,29/09/2025
09/2025,1457/20,Mercado Livre,"17.623,78","17.623,78",Em aberto,00/00/0000,19/02/2024,-,Financiamento/capital de giro,Caixa,-,17/09/2025
09/2025,391905/19,LM Transportes Interestaduais Serviços e Comercio S/A,"1.789,00","1.789,00",Em aberto,00/00/0000,23/02/2024,-,Locações de máquinas e equipamentos,Itaú,-,10/09/2025
09/2025,1/36/14,Itau,"4.393,57","4.393,57",Em aberto,00/00/0000,14/08/2024,-,Financiamento/capital de giro,Itaú,-,26/09/2025
09/2025,5642/11,Aliança Imóveis,"8.000,00","8.000,00",Em aberto,00/00/0000,17/09/2024,Boleto Bancário,Aluguel,Itaú,-,16/09/2025
09/2025,28572031/12,Boa Vista Serviços S/A,"101,07","101,07",Em aberto,00/00/0000,26/09/2024,-,Boa Vista Analise de Credito,Itaú,-,08/09/2025
09/2025,11823/12,Gotarget Softwares Ltda,200,200,Em aberto,00/00/0000,02/10/2024,Boleto Bancário,Gotarget,Itaú,-,05/09/2025
09/2025,09/2024/12,Sabesp,"304,51","304,51",Em aberto,00/00/0000,12/10/2024,Boleto Bancário,Água,Itaú,-,25/09/2025
09/2025,11/2024,EDP,"515,25","515,25",Em aberto,00/00/0000,14/10/2024,Boleto Bancário,Energia elétrica,Itaú,-,18/09/2025
09/2025,6073/12,Bling Organisys Software,425,425,Em aberto,00/00/0000,16/10/2024,Boleto Bancário,BLING,Itaú,-,16/09/2025
09/2025,6111/12,BR24 SERVICES,"585,83","585,83",Em aberto,00/00/0000,17/10/2024,-,BR24,Sicredi,-,29/09/2025
09/2025,6123/12,PANDA VIDEO,"60,5","60,5",Em aberto,00/00/0000,17/10/2024,-,PANDA VIDEO,Sicredi,-,29/09/2025
09/2025,35751341/12,Fundação de Apoio à Universidade de São Paulo - USP,"564,55","564,55",Em aberto,00/00/0000,25/10/2024,-,Treinamento e Aperfeiçoamento,Itaú,-,30/09/2025
09/2025,13/66/12,PRONAMPE,"3.934,12","3.934,12",Em aberto,00/00/0000,27/10/2024,-,Financiamento/capital de giro,Sicredi,-,29/09/2025
09/2025,6466/11,Google Internet,"8.000,00","8.000,00",Em aberto,00/00/0000,06/11/2024,-,Google,Itaú,-,15/09/2025
09/2025,6478/11,MICROSOFT,45,45,Em aberto,00/00/0000,06/11/2024,-,Microsoft,Itaú,-,15/09/2025
09/2025,6490/11,Mercado Livre,"6.097,38","6.097,38",Em aberto,00/00/0000,06/11/2024,-,Mercado Livre Ads,Itaú,-,15/09/2025
09/2025,6692/11,FOCUS DESENVOLVIMENTO GERENCIAL LTDA,"2.667,00","2.667,00",Em aberto,00/00/0000,22/11/2024,-,-,Itaú,-,29/09/2025
09/2025,6741/9,CORREIOS,"11.000,00","11.000,00",Em aberto,00/00/0000,23/11/2024,-,Correios,Itaú,-,11/09/2025
,,,"71.806,56","71.806,56",,,,,,,,
10/2025,,HYPER CONSULTORIA,0,0,Em aberto,00/00/0000,29/01/2024,-,-,Itaú,-,15/10/2025
10/2025,,HYPER CONSULTORIA,"2.500,00","2.500,00",Em aberto,00/00/0000,29/01/2024,-,-,Itaú,-,30/10/2025
10/2025,qc11501,Mayza Helena Moura Ceschin,"1.500,00","1.500,00",Em aberto,00/00/0000,29/01/2024,Boleto Bancário,Propaganda e publicidade,Itaú,-,15/10/2025
10/2025,qc11501,Mayza Helena Moura Ceschin,"1.500,00","1.500,00",Em aberto,00/00/0000,29/01/2024,Boleto Bancário,Propaganda e publicidade,Itaú,-,29/10/2025
10/2025,1457/21,Mercado Livre,"17.623,78","17.623,78",Em aberto,00/00/0000,19/02/2024,-,Financiamento/capital de giro,Caixa,-,17/10/2025
10/2025,391905/20,LM Transportes Interestaduais Serviços e Comercio S/A,"1.789,00","1.789,00",Em aberto,00/00/0000,23/02/2024,-,Locações de máquinas e equipamentos,Itaú,-,10/10/2025
10/2025,1/36/15,Itau,"4.393,57","4.393,57",Em aberto,00/00/0000,14/08/2024,-,Financiamento/capital de giro,Itaú,-,27/10/2025
10/2025,5642/12,Aliança Imóveis,"8.000,00","8.000,00",Em aberto,00/00/0000,17/09/2024,Boleto Bancário,Aluguel,Itaú,-,16/10/2025
10/2025,13/66/13,PRONAMPE,"3.934,12","3.934,12",Em aberto,00/00/0000,27/10/2024,-,Financiamento/capital de giro,Sicredi,-,27/10/2025
10/2025,6466/12,Google Internet,"8.000,00","8.000,00",Em aberto,00/00/0000,06/11/2024,-,Google,Itaú,-,15/10/2025
10/2025,6478/12,MICROSOFT,45,45,Em aberto,00/00/0000,06/11/2024,-,Microsoft,Itaú,-,15/10/2025
10/2025,6490/12,Mercado Livre,"6.097,38","6.097,38",Em aberto,00/00/0000,06/11/2024,-,Mercado Livre Ads,Itaú,-,15/10/2025
10/2025,6692/12,FOCUS DESENVOLVIMENTO GERENCIAL LTDA,"2.667,00","2.667,00",Em aberto,00/00/0000,22/11/2024,-,-,Itaú,-,27/10/2025
10/2025,6741/10,CORREIOS,"11.000,00","11.000,00",Em aberto,00/00/0000,23/11/2024,-,Correios,Itaú,-,13/10/2025
,,,"69.049,85","69.049,85",,,,,,,,
11/2025,,HYPER CONSULTORIA,0,0,Em aberto,00/00/0000,30/01/2024,-,-,Itaú,-,17/11/2025
11/2025,,HYPER CONSULTORIA,"2.500,00","2.500,00",Em aberto,00/00/0000,30/01/2024,-,-,Itaú,-,28/11/2025
11/2025,qc11501,Mayza Helena Moura Ceschin,"1.500,00","1.500,00",Em aberto,00/00/0000,30/01/2024,Boleto Bancário,Propaganda e publicidade,Itaú,-,17/11/2025
11/2025,qc11501,Mayza Helena Moura Ceschin,"1.500,00","1.500,00",Em aberto,00/00/0000,30/01/2024,Boleto Bancário,Propaganda e publicidade,Itaú,-,28/11/2025
11/2025,1457/22,Mercado Livre,"17.623,78","17.623,78",Em aberto,00/00/0000,19/02/2024,-,Financiamento/capital de giro,Caixa,-,17/11/2025
11/2025,391905/21,LM Transportes Interestaduais Serviços e Comercio S/A,"1.789,00","1.789,00",Em aberto,00/00/0000,23/02/2024,-,Locações de máquinas e equipamentos,Itaú,-,10/11/2025
11/2025,1/36/16,Itau,"4.393,57","4.393,57",Em aberto,00/00/0000,14/08/2024,-,Financiamento/capital de giro,Itaú,-,26/11/2025
11/2025,13/66/14,PRONAMPE,"3.934,12","3.934,12",Em aberto,00/00/0000,27/10/2024,-,Financiamento/capital de giro,Sicredi,-,27/11/2025
11/2025,6741/11,CORREIOS,"11.000,00","11.000,00",Em aberto,00/00/0000,23/11/2024,-,Correios,Itaú,-,11/11/2025
,,,"44.240,47","44.240,47",,,,,,,,
12/2024,1001,H3,"3.200,00","3.200,00",Em aberto,00/00/0000,10/12/2024,Boleto Bancário,Serviço,Itau,Carlos,10/12/2024
